{"gradients/fc3.bias": {"_type": "histogram", "values": [1.0, 0.0, 0.0, 0.0, 0.0, 0.0, 0.0, 0.0, 0.0, 0.0, 0.0, 0.0, 0.0, 0.0, 0.0, 0.0, 0.0, 0.0, 0.0, 0.0, 0.0, 0.0, 0.0, 0.0, 0.0, 0.0, 0.0, 0.0, 0.0, 0.0, 1.0, 0.0, 0.0, 0.0, 0.0, 2.0, 1.0, 2.0, 1.0, 0.0, 0.0, 0.0, 0.0, 0.0, 1.0, 0.0, 0.0, 0.0, 0.0, 0.0, 0.0, 0.0, 0.0, 0.0, 0.0, 0.0, 0.0, 0.0, 0.0, 0.0, 0.0, 0.0, 0.0, 1.0], "bins": [-0.005308717489242554, -0.00516119971871376, -0.00501368148252368, -0.004866163711994886, -0.004718645475804806, -0.004571127705276012, -0.004423609934747219, -0.0042760916985571384, -0.004128573928028345, -0.003981056157499552, -0.003833537921309471, -0.003686020150780678, -0.003538502147421241, -0.003390984144061804, -0.0032434663735330105, -0.0030959483701735735, -0.0029484303668141365, -0.0028009123634546995, -0.0026533943600952625, -0.002505876589566469, -0.002358358586207032, -0.002210840582847595, -0.002063322812318802, -0.0019158048089593649, -0.001768286805599928, -0.001620768802240491, -0.0014732509152963758, -0.0013257330283522606, -0.0011782150249928236, -0.0010306970216333866, -0.0008831791346892715, -0.0007356611895374954, -0.0005881432443857193, -0.0004406252992339432, -0.00029310735408216715, -0.00014558940893039107, 1.928536221385002e-06, 0.00014944648137316108, 0.00029696442652493715, 0.00044448237167671323, 0.0005920003168284893, 0.0007395182619802654, 0.0008870362071320415, 0.0010345540940761566, 0.0011820720974355936, 0.0013295901007950306, 0.0014771079877391458, 0.001624625874683261, 0.001772143878042698, 0.001919661881402135, 0.002067179884761572, 0.0022146976552903652, 0.002362215658649802, 0.002509733662009239, 0.0026572514325380325, 0.0028047694358974695, 0.0029522874392569065, 0.0030998054426163435, 0.0032473234459757805, 0.003394841216504574, 0.003542359219864011, 0.003689877223223448, 0.003837394993752241, 0.003984913229942322, 0.004132431000471115]}, "_timestamp": 1672934504.862348, "gradients/fc3.weight": {"_type": "histogram", "values": [2.0, 1.0, 0.0, 0.0, 0.0, 0.0, 0.0, 0.0, 0.0, 0.0, 1.0, 0.0, 3.0, 2.0, 1.0, 2.0, 0.0, 2.0, 2.0, 0.0, 1.0, 1.0, 0.0, 2.0, 3.0, 2.0, 0.0, 0.0, 0.0, 7.0, 1.0, 4.0, 6.0, 9.0, 8.0, 22.0, 498.0, 150.0, 34.0, 20.0, 13.0, 6.0, 9.0, 0.0, 0.0, 5.0, 3.0, 1.0, 3.0, 2.0, 1.0, 2.0, 1.0, 2.0, 3.0, 1.0, 1.0, 0.0, 0.0, 0.0, 0.0, 0.0, 1.0, 2.0], "bins": [-0.029836511239409447, -0.029026716947555542, -0.028216924518346786, -0.027407130226492882, -0.026597337797284126, -0.02578754350543022, -0.024977751076221466, -0.02416795678436756, -0.023358162492513657, -0.022548368200659752, -0.021738575771450996, -0.02092878147959709, -0.020118989050388336, -0.01930919475853443, -0.018499402329325676, -0.01768960803747177, -0.016879815608263016, -0.01607002131640911, -0.015260228887200356, -0.014450435526669025, -0.013640642166137695, -0.01283084787428379, -0.01202105451375246, -0.01121126115322113, -0.010401466861367226, -0.009591673500835896, -0.008781880140304565, -0.007972086779773235, -0.007162292953580618, -0.006352499593049288, -0.00554270576685667, -0.00473291240632534, -0.003923119977116585, -0.0031133266165852547, -0.002303533023223281, -0.001493739546276629, -0.000683946069329977, 0.0001258474076166749, 0.0009356408845633268, 0.0017454343615099788, 0.002555226907134056, 0.003365020267665386, 0.004174813628196716, 0.004984607454389334, 0.005794400814920664, 0.006604194175451994, 0.007413988001644611, 0.008223781362175941, 0.009033575654029846, 0.009843369014561176, 0.010653162375092506, 0.011462955735623837, 0.012272749096155167, 0.013082543388009071, 0.013892336748540401, 0.014702130109071732, 0.015511923469603062, 0.016321716830134392, 0.017131511121988297, 0.017941303551197052, 0.018751097843050957, 0.019560890272259712, 0.020370684564113617, 0.021180476993322372, 0.021990271285176277]}, "gradients/fc2.bias": {"_type": "histogram", "values": [1.0, 0.0, 0.0, 1.0, 1.0, 1.0, 1.0, 0.0, 1.0, 0.0, 1.0, 0.0, 0.0, 0.0, 2.0, 0.0, 0.0, 4.0, 0.0, 1.0, 1.0, 3.0, 0.0, 0.0, 1.0, 1.0, 3.0, 5.0, 2.0, 11.0, 6.0, 22.0, 2.0, 2.0, 2.0, 0.0, 0.0, 1.0, 0.0, 1.0, 0.0, 2.0, 1.0, 1.0, 0.0, 0.0, 1.0, 0.0, 0.0, 0.0, 0.0, 0.0, 0.0, 0.0, 0.0, 1.0, 0.0, 0.0, 0.0, 0.0, 0.0, 0.0, 0.0, 1.0], "bins": [-0.001251677400432527, -0.0012114517157897353, -0.0011712259147316217, -0.00113100023008883, -0.0010907745454460382, -0.0010505487443879247, -0.001010323059745133, -0.0009700973168946803, -0.0009298715740442276, -0.0008896458311937749, -0.0008494201465509832, -0.0008091944037005305, -0.0007689686608500779, -0.0007287429762072861, -0.0006885172333568335, -0.0006482914905063808, -0.000608065805863589, -0.0005678400630131364, -0.0005276143783703446, -0.000487388635519892, -0.0004471628926694393, -0.0004069371789228171, -0.0003667114651761949, -0.00032648572232574224, -0.0002862600376829505, -0.0002460343239363283, -0.00020580858108587563, -0.00016558286733925343, -0.000125357139040716, -8.513141074217856e-05, -4.490568971959874e-05, -4.679965059040114e-06, 3.554578870534897e-05, 7.57715170038864e-05, 0.00011599723802646622, 0.00015622295904904604, 0.00019644868734758347, 0.0002366744156461209, 0.0002769001293927431, 0.00031712587224319577, 0.00035735161509364843, 0.00039757732884027064, 0.0004378030716907233, 0.0004780287854373455, 0.0005182545282877982, 0.0005584802129305899, 0.0005987059557810426, 0.0006389316986314952, 0.000679157383274287, 0.0007193831261247396, 0.0007596088107675314, 0.0007998345536179841, 0.0008400602964684367, 0.0008802859811112285, 0.0009205117239616811, 0.0009607374668121338, 0.0010009631514549255, 0.0010411888360977173, 0.0010814146371558309, 0.0011216403217986226, 0.0011618660064414144, 0.001202091807499528, 0.0012423174921423197, 0.0012825431767851114, 0.001322768977843225]}, "gradients/fc2.weight": {"_type": "histogram", "values": [1.0, 0.0, 1.0, 1.0, 1.0, 1.0, 1.0, 2.0, 3.0, 1.0, 3.0, 4.0, 4.0, 2.0, 5.0, 5.0, 7.0, 8.0, 20.0, 15.0, 15.0, 27.0, 19.0, 33.0, 26.0, 44.0, 43.0, 61.0, 64.0, 94.0, 191.0, 357.0, 8473.0, 197.0, 115.0, 48.0, 36.0, 31.0, 23.0, 20.0, 17.0, 8.0, 12.0, 3.0, 11.0, 3.0, 5.0, 4.0, 4.0, 1.0, 2.0, 1.0, 1.0, 0.0, 1.0, 0.0, 1.0, 2.0, 0.0, 0.0, 0.0, 0.0, 1.0, 1.0], "bins": [-0.010256952606141567, -0.009942800737917423, -0.009628647938370705, -0.00931449607014656, -0.009000344201922417, -0.008686192333698273, -0.008372040465474129, -0.00805788766592741, -0.007743735797703266, -0.007429583929479122, -0.007115431595593691, -0.00680127926170826, -0.006487127393484116, -0.006172975525259972, -0.00585882319137454, -0.005544670857489109, -0.005230518989264965, -0.004916367121040821, -0.00460221478715539, -0.0042880624532699585, -0.0039739105850458145, -0.003659758483991027, -0.0033456063829362392, -0.0030314542818814516, -0.002717302180826664, -0.0024031500797718763, -0.0020889979787170887, -0.001774845877662301, -0.0014606937766075134, -0.0011465416755527258, -0.0008323895744979382, -0.0005182374734431505, -0.00020408537238836288, 0.00011006672866642475, 0.0004242188297212124, 0.000738370930776, 0.0010525230318307877, 0.0013666751328855753, 0.001680827233940363, 0.0019949793349951506, 0.002309131436049938, 0.002623283537104726, 0.0029374356381595135, 0.003251587739214301, 0.0035657398402690887, 0.0038798919413238764, 0.004194044042378664, 0.004508196376264095, 0.004822348244488239, 0.005136500112712383, 0.0054506524465978146, 0.005764804780483246, 0.00607895664870739, 0.006393108516931534, 0.006707260850816965, 0.007021413184702396, 0.00733556505292654, 0.007649716921150684, 0.007963869720697403, 0.008278021588921547, 0.008592173457145691, 0.008906325325369835, 0.009220477193593979, 0.009534629993140697, 0.009848781861364841]}, "gradients/fc1.bias": {"_type": "histogram", "values": [2.0, 1.0, 0.0, 0.0, 1.0, 0.0, 1.0, 1.0, 0.0, 0.0, 0.0, 0.0, 0.0, 0.0, 1.0, 0.0, 1.0, 0.0, 0.0, 1.0, 2.0, 3.0, 0.0, 2.0, 5.0, 5.0, 7.0, 73.0, 4.0, 0.0, 2.0, 0.0, 0.0, 0.0, 0.0, 0.0, 0.0, 0.0, 0.0, 0.0, 0.0, 1.0, 1.0, 0.0, 0.0, 1.0, 2.0, 0.0, 0.0, 1.0, 1.0, 0.0, 0.0, 0.0, 0.0, 0.0, 0.0, 0.0, 0.0, 0.0, 0.0, 0.0, 0.0, 1.0],