{"gradients/fc3.bias": {"_type": "histogram", "values": [1.0, 0.0, 0.0, 0.0, 0.0, 0.0, 0.0, 0.0, 0.0, 0.0, 0.0, 0.0, 0.0, 0.0, 0.0, 0.0, 0.0, 0.0, 0.0, 0.0, 0.0, 0.0, 0.0, 0.0, 0.0, 0.0, 0.0, 0.0, 0.0, 0.0, 0.0, 0.0, 0.0, 0.0, 0.0, 0.0, 7.0, 0.0, 0.0, 0.0, 0.0, 0.0, 1.0, 0.0, 0.0, 0.0, 0.0, 0.0, 0.0, 0.0, 0.0, 0.0, 0.0, 0.0, 0.0, 0.0, 0.0, 0.0, 0.0, 0.0, 0.0, 0.0, 0.0, 1.0], "bins": [-0.02821013703942299, -0.02742694318294525, -0.026643747463822365, -0.025860553607344627, -0.02507735788822174, -0.024294164031744003, -0.023510970175266266, -0.02272777445614338, -0.021944580599665642, -0.021161386743187904, -0.020378191024065018, -0.01959499716758728, -0.018811803311109543, -0.018028607591986656, -0.01724541373550892, -0.016462218016386032, -0.015679024159908295, -0.014895829372107983, -0.01411263458430767, -0.013329440727829933, -0.012546245940029621, -0.011763051152229309, -0.010979857295751572, -0.01019666250795126, -0.009413467720150948, -0.008630272932350636, -0.007847078144550323, -0.007063884288072586, -0.006280689500272274, -0.005497494712471962, -0.004714300390332937, -0.0039311060681939125, -0.0031479112803936005, -0.002364716725423932, -0.0015815221704542637, -0.0007983276154845953, -1.513306051492691e-05, 0.0007680614944547415, 0.0015512560494244099, 0.0023344506043940783, 0.0031176451593637466, 0.003900839714333415, 0.004684034269303083, 0.005467228591442108, 0.00625042337924242, 0.007033618167042732, 0.00781681202352047, 0.008600006811320782, 0.009383201599121094, 0.010166396386921406, 0.010949591174721718, 0.011732785031199455, 0.012515979818999767, 0.01329917460680008, 0.014082368463277817, 0.014865563251078129, 0.01564875803887844, 0.01643195189535618, 0.017215147614479065, 0.017998341470956802, 0.01878153532743454, 0.019564731046557426, 0.020347924903035164, 0.02113112062215805, 0.021914314478635788]}, "_timestamp": 1672935685.736119, "gradients/fc3.weight": {"_type": "histogram", "values": [1.0, 2.0, 0.0, 0.0, 0.0, 0.0, 0.0, 0.0, 0.0, 0.0, 0.0, 0.0, 0.0, 0.0, 1.0, 0.0, 2.0, 0.0, 2.0, 0.0, 1.0, 1.0, 5.0, 2.0, 1.0, 1.0, 3.0, 3.0, 1.0, 5.0, 0.0, 5.0, 2.0, 0.0, 1.0, 635.0, 99.0, 12.0, 13.0, 8.0, 4.0, 4.0, 4.0, 3.0, 2.0, 2.0, 6.0, 0.0, 1.0, 2.0, 0.0, 2.0, 1.0, 0.0, 0.0, 0.0, 0.0, 0.0, 0.0, 0.0, 0.0, 0.0, 2.0, 1.0], "bins": [-0.3016420304775238, -0.29324427247047424, -0.28484654426574707, -0.2764487862586975, -0.26805105805397034, -0.2596533000469208, -0.2512555718421936, -0.24285782873630524, -0.23446008563041687, -0.2260623425245285, -0.21766459941864014, -0.20926685631275177, -0.2008691132068634, -0.19247137010097504, -0.18407362699508667, -0.1756758838891983, -0.16727812588214874, -0.15888038277626038, -0.150482639670372, -0.14208489656448364, -0.13368715345859528, -0.1252894103527069, -0.11689165979623795, -0.10849391669034958, -0.10009616613388062, -0.09169842302799225, -0.08330067992210388, -0.07490293681621552, -0.06650519371032715, -0.05810744687914848, -0.04970970004796982, -0.04131195694208145, -0.03291420638561249, -0.02451646327972412, -0.016118718311190605, -0.007720974273979664, 0.0006767697632312775, 0.009074513800442219, 0.01747225783765316, 0.025870002806186676, 0.034267738461494446, 0.04266548156738281, 0.05106322467327118, 0.059460971504449844, 0.06785871088504791, 0.07625646144151688, 0.08465420454740524, 0.09305194765329361, 0.10144969820976257, 0.10984744131565094, 0.1182451844215393, 0.12664292752742767, 0.13504067063331604, 0.1434384137392044, 0.15183615684509277, 0.16023389995098114, 0.1686316430568695, 0.17702938616275787, 0.18542712926864624, 0.1938248723745346, 0.20222261548042297, 0.21062035858631134, 0.2190181016921997, 0.22741584479808807, 0.23581360280513763]}, "gradients/fc2.bias": {"_type": "histogram", "values": [1.0, 0.0, 0.0, 0.0, 0.0, 0.0, 0.0, 0.0, 0.0, 0.0, 0.0, 1.0, 1.0, 0.0, 0.0, 0.0, 0.0, 1.0, 0.0, 0.0, 1.0, 0.0, 0.0, 0.0, 1.0, 0.0, 0.0, 1.0, 1.0, 1.0, 3.0, 2.0, 1.0, 0.0, 1.0, 0.0, 0.0, 41.0, 7.0, 3.0, 2.0, 1.0, 2.0, 0.0, 0.0, 0.0, 1.0, 2.0, 0.0, 1.0, 0.0, 2.0, 0.0, 2.0, 1.0, 1.0, 0.0, 0.0, 0.0, 0.0, 1.0, 0.0, 0.0, 1.0], "bins": [-0.008500097319483757, -0.008275754749774933, -0.008051412180066109, -0.00782707054167986, -0.007602727971971035, -0.007378385402262211, -0.007154043298214674, -0.006929701194167137, -0.006705358624458313, -0.006481016054749489, -0.006256673950701952, -0.006032331846654415, -0.005807989276945591, -0.005583646707236767, -0.00535930460318923, -0.005134962499141693, -0.004910619929432869, -0.004686277359724045, -0.004461935255676508, -0.004237593151628971, -0.004013250581920147, -0.0037889082450419664, -0.003564565908163786, -0.0033402235712856054, -0.003115881234407425, -0.0028915388975292444, -0.002667196560651064, -0.0024428542237728834, -0.002218511886894703, -0.0019941695500165224, -0.001769827213138342, -0.0015454848762601614, -0.0013211420737206936, -0.001096799736842513, -0.0008724573999643326, -0.0006481150630861521, -0.00042377272620797157, -0.00019943038932979107, 2.4911947548389435e-05, 0.00024925428442656994, 0.00047359662130475044, 0.000697938958182931, 0.0009222812950611115, 0.001146623631939292, 0.0013709659688174725, 0.001595308305695653, 0.0018196506425738335, 0.002043992979452014, 0.0022683353163301945, 0.002492677653208375, 0.0027170199900865555, 0.002941362326964736, 0.0031657046638429165, 0.003390047000721097, 0.0036143893375992775, 0.003838731674477458, 0.0040630740113556385, 0.004287416115403175, 0.0045117586851119995, 0.004736101254820824, 0.0049604433588683605, 0.005184785462915897, 0.0054091280326247215, 0.005633470602333546, 0.0058578127063810825]}, "gradients/fc2.weight": {"_type": "histogram", "values": [1.0, 0.0, 0.0, 0.0, 0.0, 0.0, 0.0, 0.0, 0.0, 0.0, 0.0, 1.0, 3.0, 0.0, 1.0, 2.0, 0.0, 1.0, 2.0, 2.0, 6.0, 5.0, 4.0, 2.0, 9.0, 8.0, 11.0, 11.0, 14.0, 18.0, 14.0, 31.0, 31.0, 58.0, 93.0, 110.0, 158.0, 8495.0, 435.0, 157.0, 100.0, 57.0, 56.0, 44.0, 35.0, 25.0, 20.0, 14.0, 13.0, 11.0, 3.0, 6.0, 2.0, 5.0, 1.0, 3.0, 0.0, 0.0, 0.0, 0.0, 1.0, 0.0, 0.0, 1.0], "bins": [-0.1420060694217682, -0.13825438916683197, -0.13450270891189575, -0.13075102865695953, -0.12699934840202332, -0.1232476681470871, -0.11949599534273148, -0.11574431508779526, -0.11199263483285904, -0.10824095457792282, -0.1044892743229866, -0.10073759406805038, -0.09698591381311417, -0.09323423355817795, -0.08948256075382233, -0.08573088049888611, -0.08197920024394989, -0.07822751998901367, -0.07447583973407745, -0.07072415947914124, -0.06697247922420502, -0.0632207989692688, -0.05946912243962288, -0.05571744218468666, -0.051965758204460144, -0.048214077949523926, -0.04446239769458771, -0.04071072116494179, -0.03695904091000557, -0.03320736065506935, -0.029455680400133133, -0.025704002007842064, -0.021952323615550995, -0.018200643360614777, -0.014448964968323708, -0.01069728471338749, -0.006945605389773846, -0.0031939258333295584, 0.0005577537231147289, 0.00430943351238966, 0.008061110973358154, 0.011812790296971798, 0.015564469620585442, 0.01931614987552166, 0.02306782826781273, 0.026819508522748947, 0.030571188777685165, 0.034322869032621384, 0.0380745492875576, 0.04182622954249382, 0.04557790979743004, 0.04932958632707596, 0.053081266582012177, 0.056832946836948395, 0.06058462709188461, 0.06433630734682083, 0.06808798760175705, 0.07183966785669327, 0.07559134811162949, 0.0793430283665657, 0.08309470862150192, 0.08684638887643814, 0.09059806168079376, 0.09434974193572998, 0.0981014221906662]}, "gradients/fc1.bias": {"_type": "histogram", "values": [1.0, 0.0, 0.0, 0.0, 0.0, 1.0, 0.0, 1.0, 0.0, 1.0, 2.0, 1.0, 0.0, 1.0, 1.0, 1.0, 1.0, 0.0, 1.0, 1.0, 2.0, 1.0, 1.0, 2.0, 0.0, 3.0, 1.0, 1.0, 0.0, 1.0, 1.0, 72.0, 1.0, 0.0, 1.0, 2.0, 0.0, 1.0, 1.0, 2.0, 2.0, 3.0, 0.0, 0.0, 1.0, 0.0, 0.0, 1.0, 0.0, 0.0, 1.0, 1.0, 2.0, 0.0, 0.0, 1.0, 1.0, 0.0, 0.0, 0.0, 0.0, 0.0, 0.0, 1.0],