{"gradients/fc3.bias": {"_type": "histogram", "values": [1.0, 0.0, 0.0, 0.0, 0.0, 0.0, 0.0, 0.0, 0.0, 0.0, 0.0, 0.0, 0.0, 0.0, 0.0, 0.0, 0.0, 1.0, 0.0, 0.0, 0.0, 0.0, 0.0, 0.0, 0.0, 1.0, 0.0, 0.0, 1.0, 0.0, 0.0, 0.0, 0.0, 0.0, 1.0, 1.0, 0.0, 1.0, 0.0, 0.0, 0.0, 0.0, 1.0, 0.0, 0.0, 0.0, 0.0, 0.0, 0.0, 0.0, 0.0, 1.0, 0.0, 0.0, 0.0, 0.0, 0.0, 0.0, 0.0, 0.0, 0.0, 0.0, 0.0, 1.0], "bins": [-0.01785651221871376, -0.017324106767773628, -0.016791701316833496, -0.016259295865893364, -0.015726890414953232, -0.015194484032690525, -0.014662078581750393, -0.01412967313081026, -0.013597267679870129, -0.013064862228929996, -0.012532456777989864, -0.012000051327049732, -0.011467644944787025, -0.010935239493846893, -0.010402834042906761, -0.009870428591966629, -0.009338023141026497, -0.008805617690086365, -0.008273212239146233, -0.007740806322544813, -0.007208400871604681, -0.006675995420664549, -0.006143589504063129, -0.005611184053122997, -0.005078778602182865, -0.004546373151242733, -0.004013967700302601, -0.0034815617837011814, -0.0029491563327610493, -0.002416750881820917, -0.0018843451980501413, -0.0013519396306946874, -0.0008195340633392334, -0.00028712849598377943, 0.00024527707137167454, 0.0007776826387271285, 0.0013100882060825825, 0.0018424937734380364, 0.0023748993407934904, 0.002907305024564266, 0.0034397104755043983, 0.0039721159264445305, 0.004504521377384663, 0.005036927293986082, 0.005569332744926214, 0.006101738195866346, 0.006634144112467766, 0.007166549563407898, 0.00769895501434803, 0.008231360465288162, 0.008763765916228294, 0.009296171367168427, 0.009828576818108559, 0.010360983200371265, 0.010893388651311398, 0.01142579410225153, 0.011958199553191662, 0.012490605004131794, 0.013023010455071926, 0.013555415906012058, 0.014087822288274765, 0.014620227739214897, 0.01515263319015503, 0.01568503864109516, 0.016217444092035294]}, "_timestamp": 1672935826.648343, "gradients/fc3.weight": {"_type": "histogram", "values": [1.0, 0.0, 0.0, 0.0, 1.0, 2.0, 1.0, 1.0, 1.0, 0.0, 2.0, 1.0, 2.0, 0.0, 0.0, 0.0, 0.0, 0.0, 1.0, 1.0, 1.0, 2.0, 2.0, 0.0, 2.0, 1.0, 2.0, 4.0, 10.0, 8.0, 12.0, 15.0, 25.0, 19.0, 20.0, 448.0, 116.0, 33.0, 20.0, 11.0, 16.0, 16.0, 14.0, 5.0, 3.0, 0.0, 3.0, 2.0, 2.0, 2.0, 0.0, 0.0, 0.0, 1.0, 1.0, 1.0, 1.0, 0.0, 3.0, 2.0, 1.0, 1.0, 0.0, 1.0], "bins": [-0.21056436002254486, -0.2046753615140915, -0.19878636300563812, -0.19289734959602356, -0.1870083510875702, -0.18111935257911682, -0.17523035407066345, -0.16934135556221008, -0.1634523570537567, -0.15756335854530334, -0.15167436003684998, -0.1457853466272354, -0.13989634811878204, -0.13400734961032867, -0.1281183511018753, -0.12222934514284134, -0.11634033918380737, -0.110451340675354, -0.10456233471632004, -0.09867333620786667, -0.0927843302488327, -0.08689533174037933, -0.08100633323192596, -0.075117327272892, -0.06922833621501923, -0.06333933770656586, -0.05745033174753189, -0.05156133323907852, -0.045672331005334854, -0.039783328771591187, -0.03389433026313782, -0.02800532802939415, -0.022116318345069885, -0.016227316111326218, -0.0103383157402277, -0.004449314437806606, 0.0014396868646144867, 0.00732868816703558, 0.013217689469456673, 0.01910668984055519, 0.024995699524879456, 0.030884701758623123, 0.03677370399236679, 0.04266270250082016, 0.04855170473456383, 0.054440706968307495, 0.060329705476760864, 0.06621871143579483, 0.0721077024936676, 0.07799670100212097, 0.08388570696115494, 0.0897747054696083, 0.09566371142864227, 0.10155270993709564, 0.10744170844554901, 0.11333071440458298, 0.11921971291303635, 0.1251087188720703, 0.13099771738052368, 0.13688671588897705, 0.14277571439743042, 0.1486647129058838, 0.15455372631549835, 0.16044272482395172, 0.1663317233324051]}, "gradients/fc2.bias": {"_type": "histogram", "values": [1.0, 1.0, 0.0, 0.0, 0.0, 1.0, 0.0, 1.0, 0.0, 0.0, 0.0, 0.0, 1.0, 0.0, 1.0, 1.0, 0.0, 2.0, 3.0, 4.0, 2.0, 1.0, 1.0, 4.0, 1.0, 8.0, 3.0, 3.0, 23.0, 2.0, 0.0, 1.0, 1.0, 0.0, 3.0, 1.0, 0.0, 2.0, 1.0, 1.0, 0.0, 1.0, 1.0, 0.0, 0.0, 1.0, 0.0, 2.0, 0.0, 0.0, 0.0, 1.0, 1.0, 0.0, 0.0, 0.0, 0.0, 0.0, 0.0, 0.0, 1.0, 1.0, 0.0, 1.0], "bins": [-0.00402776850387454, -0.0038879092317074537, -0.003748049959540367, -0.0036081906873732805, -0.003468331415206194, -0.003328472375869751, -0.0031886131037026644, -0.0030487538315355778, -0.002908894559368491, -0.0027690352872014046, -0.002629176015034318, -0.0024893167428672314, -0.0023494577035307884, -0.002209598431363702, -0.0020697391591966152, -0.0019298798870295286, -0.001790020614862442, -0.0016501613426953554, -0.0015103020705282688, -0.001370442914776504, -0.0012305836426094174, -0.0010907243704423308, -0.0009508651564829051, -0.0008110059425234795, -0.0006711466703563929, -0.0005312873981893063, -0.00039142818422988057, -0.0002515689411666244, -0.00011170969810336828, 2.8149544959887862e-05, 0.000168008788023144, 0.00030786803108640015, 0.0004477272741496563, 0.0005875865463167429, 0.0007274457602761686, 0.0008673049742355943, 0.0010071642464026809, 0.0011470235185697675, 0.0012868826743215322, 0.0014267419464886189, 0.0015666012186557055, 0.001706460490822792, 0.0018463197629898787, 0.0019861790351569653, 0.002126038074493408, 0.002265897346660495, 0.0024057566188275814, 0.002545615890994668, 0.0026854751631617546, 0.002825334435328841, 0.002965193707495928, 0.0031050529796630144, 0.003244912251830101, 0.003384771291166544, 0.0035246305633336306, 0.003664489835500717, 0.0038043491076678038, 0.00394420837983489, 0.004084067419171333, 0.004223926924169064, 0.0043637859635055065, 0.004503645468503237, 0.00464350450783968, 0.00478336401283741, 0.004923223052173853]}, "gradients/fc2.weight": {"_type": "histogram", "values": [3.0, 1.0, 1.0, 2.0, 1.0, 1.0, 3.0, 1.0, 2.0, 6.0, 6.0, 3.0, 4.0, 11.0, 10.0, 15.0, 16.0, 19.0, 25.0, 18.0, 26.0, 35.0, 32.0, 61.0, 108.0, 154.0, 253.0, 403.0, 758.0, 6833.0, 326.0, 250.0, 190.0, 117.0, 79.0, 56.0, 36.0, 40.0, 16.0, 16.0, 22.0, 15.0, 16.0, 11.0, 15.0, 12.0, 6.0, 6.0, 10.0, 8.0, 4.0, 3.0, 3.0, 2.0, 1.0, 3.0, 1.0, 0.0, 3.0, 0.0, 0.0, 0.0, 1.0, 1.0], "bins": [-0.051105644553899765, -0.049366481602191925, -0.047627318650484085, -0.045888155698776245, -0.04414898902177811, -0.04240982607007027, -0.04067066311836243, -0.03893150016665459, -0.03719233721494675, -0.03545317426323891, -0.03371401131153107, -0.03197484835982323, -0.030235683545470238, -0.028496520593762398, -0.02675735577940941, -0.02501819282770157, -0.02327902987599373, -0.02153986692428589, -0.01980070397257805, -0.01806153915822506, -0.01632237620651722, -0.01458321325480938, -0.012844049371778965, -0.01110488548874855, -0.00936572253704071, -0.007626559119671583, -0.005887395702302456, -0.004148232284933329, -0.0024090688675642014, -0.0006699054501950741, 0.0010692579671740532, 0.0028084213845431805, 0.004547588527202606, 0.0062867519445717335, 0.00802591536194086, 0.009765079244971275, 0.011504242196679115, 0.013243405148386955, 0.01498256903141737, 0.016721732914447784, 0.018460895866155624, 0.020200058817863464, 0.021939221769571304, 0.023678386583924294, 0.025417549535632133, 0.027156712487339973, 0.028895877301692963, 0.030635040253400803, 0.03237420320510864, 0.03411336615681648, 0.03585252910852432, 0.03759169206023216, 0.03933085501194, 0.04107002168893814, 0.04280918464064598, 0.04454834759235382, 0.04628751054406166, 0.0480266734957695, 0.04976583644747734, 0.05150499939918518, 0.05324416607618332, 0.05498332902789116, 0.056722491979599, 0.05846165493130684, 0.06020081788301468]}, "gradients/fc1.bias": {"_type": "histogram", "values": [1.0, 0.0, 0.0, 1.0, 0.0, 0.0, 1.0, 0.0, 1.0, 0.0, 0.0, 1.0, 0.0, 0.0, 2.0, 1.0, 1.0, 0.0, 6.0, 0.0, 2.0, 2.0, 2.0, 1.0, 3.0, 2.0, 1.0, 3.0, 2.0, 3.0, 3.0, 2.0, 3.0, 46.0, 3.0, 3.0, 0.0, 4.0, 0.0, 2.0, 2.0, 1.0, 3.0, 1.0, 1.0, 1.0, 0.0, 1.0, 0.0, 1.0, 1.0, 1.0, 1.0, 0.0, 1.0, 0.0, 1.0, 1.0, 0.0, 0.0, 0.0, 0.0, 0.0, 1.0],