{"gradients/fc3.bias": {"_type": "histogram", "values": [1.0, 0.0, 0.0, 0.0, 0.0, 0.0, 0.0, 0.0, 0.0, 0.0, 0.0, 0.0, 0.0, 0.0, 0.0, 0.0, 0.0, 0.0, 0.0, 0.0, 0.0, 0.0, 0.0, 1.0, 0.0, 0.0, 0.0, 0.0, 0.0, 0.0, 0.0, 0.0, 0.0, 0.0, 4.0, 1.0, 0.0, 0.0, 1.0, 0.0, 0.0, 0.0, 0.0, 0.0, 0.0, 1.0, 0.0, 0.0, 0.0, 0.0, 0.0, 0.0, 0.0, 0.0, 0.0, 0.0, 0.0, 0.0, 0.0, 0.0, 0.0, 0.0, 0.0, 1.0], "bins": [-0.00358911813236773, -0.0034855210687965155, -0.003381924005225301, -0.003278326941654086, -0.0031747298780828714, -0.0030711328145116568, -0.002967535750940442, -0.0028639386873692274, -0.0027603418566286564, -0.0026567447930574417, -0.002553147729486227, -0.0024495506659150124, -0.0023459536023437977, -0.002242356538772583, -0.0021387594752013683, -0.0020351624116301537, -0.001931565348058939, -0.0018279682844877243, -0.0017243712209165096, -0.001620774157345295, -0.0015171770937740803, -0.0014135801466181874, -0.0013099830830469728, -0.001206386019475758, -0.0011027890723198652, -0.0009991920087486506, -0.0008955949451774359, -0.0007919979398138821, -0.0006884008762426674, -0.0005848038126714528, -0.00048120677820406854, -0.0003776097437366843, -0.0002740125637501478, -0.00017041551473084837, -6.681846571154892e-05, 3.677858330775052e-05, 0.00014037563232704997, 0.00024397268134634942, 0.00034756973036564887, 0.0004511667648330331, 0.0005547639448195696, 0.0006583610083907843, 0.0007619580719619989, 0.0008655550773255527, 0.0009691521408967674, 0.0010727491462603211, 0.0011763462098315358, 0.0012799432734027505, 0.0013835402205586433, 0.001487137284129858, 0.0015907343477010727, 0.0016943314112722874, 0.001797928474843502, 0.001901525421999395, 0.0020051226019859314, 0.002108719665557146, 0.0022123167291283607, 0.0023159137926995754, 0.00241951085627079, 0.0025231079198420048, 0.0026267049834132195, 0.002730302046984434, 0.002833899110555649, 0.0029374961741268635, 0.0030410930048674345]}, "_timestamp": 1672933224.8283782, "gradients/fc3.weight": {"_type": "histogram", "values": [1.0, 0.0, 0.0, 0.0, 0.0, 0.0, 0.0, 0.0, 0.0, 1.0, 1.0, 0.0, 2.0, 1.0, 1.0, 1.0, 0.0, 1.0, 0.0, 4.0, 1.0, 2.0, 2.0, 4.0, 2.0, 2.0, 4.0, 0.0, 6.0, 3.0, 4.0, 5.0, 5.0, 3.0, 691.0, 27.0, 14.0, 8.0, 5.0, 5.0, 3.0, 4.0, 4.0, 2.0, 3.0, 2.0, 1.0, 3.0, 1.0, 3.0, 0.0, 0.0, 2.0, 2.0, 1.0, 0.0, 2.0, 0.0, 0.0, 0.0, 0.0, 0.0, 0.0, 1.0], "bins": [-0.024159807711839676, -0.023462800309062004, -0.022765792906284332, -0.02206878550350666, -0.02137177810072899, -0.020674770697951317, -0.019977763295173645, -0.019280755892395973, -0.0185837484896183, -0.01788674108684063, -0.017189733684062958, -0.016492726281285286, -0.015795718878507614, -0.015098712407052517, -0.014401705004274845, -0.013704697601497173, -0.013007691130042076, -0.012310683727264404, -0.011613676324486732, -0.01091666892170906, -0.010219661518931389, -0.009522655047476292, -0.00882564764469862, -0.008128640241920948, -0.007431633770465851, -0.006734626367688179, -0.006037618964910507, -0.005340612027794123, -0.004643604625016451, -0.003946597222238779, -0.003249590052291751, -0.0025525828823447227, -0.0018555764108896255, -0.0011585691245272756, -0.0004615618381649256, 0.0002354454481974244, 0.0009324527345597744, 0.0016294600209221244, 0.0023264673072844744, 0.0030234744772315025, 0.003720482811331749, 0.004417490214109421, 0.005114497616887093, 0.005811504554003477, 0.006508511956781149, 0.007205519359558821, 0.007902526296675205, 0.008599533699452877, 0.009296540170907974, 0.009993547573685646, 0.010690554976463318, 0.01138756237924099, 0.012084569782018661, 0.012781576253473759, 0.01347858365625143, 0.014175591059029102, 0.014872598461806774, 0.015569605864584446, 0.016266612336039543, 0.016963619738817215, 0.017660627141594887, 0.01835763454437256, 0.01905464194715023, 0.019751649349927902, 0.020448656752705574]}, "gradients/fc2.bias": {"_type": "histogram", "values": [1.0, 0.0, 0.0, 0.0, 1.0, 0.0, 0.0, 0.0, 0.0, 0.0, 0.0, 0.0, 1.0, 0.0, 0.0, 0.0, 1.0, 0.0, 1.0, 0.0, 0.0, 1.0, 0.0, 0.0, 0.0, 3.0, 4.0, 4.0, 0.0, 2.0, 6.0, 2.0, 3.0, 2.0, 1.0, 2.0, 34.0, 1.0, 0.0, 0.0, 2.0, 2.0, 1.0, 0.0, 1.0, 1.0, 1.0, 0.0, 0.0, 1.0, 1.0, 0.0, 1.0, 1.0, 0.0, 0.0, 0.0, 0.0, 0.0, 0.0, 0.0, 1.0, 0.0, 1.0], "bins": [-0.00128958432469517, -0.0012540870811790228, -0.0012185898376628757, -0.0011830925941467285, -0.0011475953506305814, -0.0011120981071144342, -0.001076600863598287, -0.00104110362008214, -0.0010056063765659928, -0.0009701091330498457, -0.0009346118895336986, -0.0008991146460175514, -0.0008636174025014043, -0.0008281201589852571, -0.00079262291546911, -0.0007571256719529629, -0.0007216284284368157, -0.0006861311849206686, -0.0006506339414045215, -0.0006151366978883743, -0.0005796394543722272, -0.0005441422108560801, -0.0005086449673399329, -0.0004731477238237858, -0.00043765048030763865, -0.0004021532367914915, -0.00036665599327534437, -0.00033115874975919724, -0.0002956615062430501, -0.00026016426272690296, -0.00022466701921075583, -0.0001891697756946087, -0.00015367264859378338, -0.00011817540507763624, -8.26781615614891e-05, -4.718091804534197e-05, -1.1683674529194832e-05, 2.3813568986952305e-05, 5.931081250309944e-05, 9.480805601924658e-05, 0.00013030529953539371, 0.00016580254305154085, 0.000201299786567688, 0.00023679703008383512, 0.00027229427359998226, 0.0003077915171161294, 0.00034328876063227654, 0.00037878600414842367, 0.0004142832476645708, 0.00044978049118071795, 0.0004852777346968651, 0.0005207749782130122, 0.0005562722217291594, 0.0005917694652453065, 0.0006272667087614536, 0.0006627639522776008, 0.0006982611957937479, 0.000733758439309895, 0.0007692556828260422, 0.0008047529263421893, 0.0008402501698583364, 0.0008757474133744836, 0.0009112446568906307, 0.0009467419004067779, 0.000982239143922925]}, "gradients/fc2.weight": {"_type": "histogram", "values": [1.0, 1.0, 0.0, 0.0, 1.0, 1.0, 0.0, 0.0, 0.0, 1.0, 0.0, 0.0, 4.0, 1.0, 1.0, 2.0, 2.0, 1.0, 3.0, 2.0, 3.0, 2.0, 4.0, 6.0, 3.0, 11.0, 16.0, 13.0, 16.0, 33.0, 40.0, 53.0, 64.0, 72.0, 69.0, 166.0, 9231.0, 58.0, 36.0, 29.0, 22.0, 19.0, 18.0, 11.0, 12.0, 12.0, 7.0, 7.0, 7.0, 3.0, 1.0, 4.0, 3.0, 2.0, 2.0, 0.0, 1.0, 0.0, 1.0, 0.0, 0.0, 0.0, 1.0, 1.0], "bins": [-0.010457289405167103, -0.01016938779503107, -0.009881485253572464, -0.009593583643436432, -0.0093056820333004, -0.009017780423164368, -0.008729878813028336, -0.008441976271569729, -0.008154074661433697, -0.007866173051297665, -0.007578270975500345, -0.007290368899703026, -0.007002467289566994, -0.006714565679430962, -0.006426663603633642, -0.006138761527836323, -0.005850859917700291, -0.005562958307564259, -0.005275056231766939, -0.00498715415596962, -0.004699252545833588, -0.0044113509356975555, -0.004123448859900236, -0.0038355470169335604, -0.0035476451739668846, -0.003259743331000209, -0.002971841488033533, -0.0026839396450668573, -0.0023960378021001816, -0.002108135959133506, -0.00182023411616683, -0.0015323322732001543, -0.001244429498910904, -0.0009565276559442282, -0.0006686258129775524, -0.00038072397001087666, -9.28221270442009e-05, 0.00019507971592247486, 0.0004829815588891506, 0.0007708834018558264, 0.0010587852448225021, 0.001346687087789178, 0.0016345889307558537, 0.0019224907737225294, 0.002210392616689205, 0.002498294459655881, 0.0027861963026225567, 0.0030740981455892324, 0.003361999988555908, 0.003649901831522584, 0.00393780367448926, 0.004225705750286579, 0.004513607360422611, 0.004801508970558643, 0.005089411046355963, 0.005377313122153282, 0.005665214732289314, 0.005953116342425346, 0.006241018418222666, 0.006528920494019985, 0.006816822104156017, 0.007104723714292049, 0.007392625790089369, 0.007680527865886688, 0.00796842947602272]}, "gradients/fc1.bias": {"_type": "histogram", "values": [1.0, 0.0, 0.0, 1.0, 1.0, 0.0, 0.0, 0.0, 0.0, 0.0, 0.0, 0.0, 0.0, 1.0, 0.0, 0.0, 0.0, 0.0, 0.0, 0.0, 1.0, 0.0, 1.0, 0.0, 0.0, 0.0, 0.0, 0.0, 0.0, 0.0, 1.0, 0.0, 0.0, 0.0, 0.0, 1.0, 3.0, 0.0, 3.0, 0.0, 2.0, 4.0, 1.0, 0.0, 1.0, 84.0, 1.0, 0.0, 3.0, 1.0, 0.0, 1.0, 0.0, 0.0, 1.0, 1.0, 1.0, 0.0, 0.0, 2.0, 2.0, 0.0, 0.0, 1.0],