{"gradients/fc3.bias": {"_type": "histogram", "values": [1.0, 0.0, 0.0, 0.0, 0.0, 0.0, 0.0, 0.0, 0.0, 0.0, 0.0, 0.0, 0.0, 0.0, 0.0, 0.0, 0.0, 0.0, 0.0, 0.0, 0.0, 0.0, 0.0, 0.0, 0.0, 0.0, 0.0, 0.0, 0.0, 0.0, 0.0, 0.0, 0.0, 0.0, 0.0, 0.0, 0.0, 0.0, 0.0, 0.0, 0.0, 0.0, 0.0, 0.0, 1.0, 0.0, 1.0, 0.0, 1.0, 1.0, 0.0, 0.0, 0.0, 0.0, 1.0, 0.0, 0.0, 0.0, 0.0, 1.0, 1.0, 0.0, 1.0, 1.0], "bins": [-0.0068442802876234055, -0.006704072002321482, -0.006563863717019558, -0.0064236558973789215, -0.006283447612076998, -0.006143239326775074, -0.00600303104147315, -0.005862823221832514, -0.00572261493653059, -0.005582406651228666, -0.0054421983659267426, -0.005301990546286106, -0.005161782260984182, -0.005021573975682259, -0.004881365690380335, -0.004741157870739698, -0.004600949585437775, -0.004460741300135851, -0.004320533014833927, -0.004180325195193291, -0.004040116909891367, -0.003899908624589443, -0.003759700572118163, -0.0036194922868162394, -0.003479283768683672, -0.003339075483381748, -0.003198867430910468, -0.0030586591456085443, -0.0029184510931372643, -0.0027782428078353405, -0.0026380347553640604, -0.0024978264700621367, -0.002357618184760213, -0.002217409899458289, -0.002077201846987009, -0.0019369936781004071, -0.0017967855092138052, -0.0016565772239118814, -0.0015163690550252795, -0.0013761608861386776, -0.0012359528336673975, -0.0010957446647807956, -0.0009555364958941936, -0.0008153282687999308, -0.0006751200999133289, -0.000534911931026727, -0.0003947037330362946, -0.0002544955350458622, -0.00011428724974393845, 2.5920933694578707e-05, 0.00016612911713309586, 0.00030633731512352824, 0.00044654548401013017, 0.0005867536528967321, 0.0007269618799909949, 0.0008671700488775969, 0.0010073782177641988, 0.0011475863866508007, 0.0012877945555374026, 0.0014280027244240046, 0.0015682110097259283, 0.0017084191786125302, 0.0018486273474991322, 0.0019888353999704123, 0.002129043685272336]}, "_timestamp": 1672936115.209599, "gradients/fc3.weight": {"_type": "histogram", "values": [1.0, 0.0, 0.0, 0.0, 0.0, 0.0, 0.0, 0.0, 0.0, 0.0, 0.0, 0.0, 0.0, 0.0, 0.0, 1.0, 0.0, 1.0, 0.0, 1.0, 0.0, 3.0, 0.0, 0.0, 0.0, 1.0, 1.0, 2.0, 1.0, 0.0, 4.0, 1.0, 3.0, 1.0, 0.0, 3.0, 2.0, 1.0, 2.0, 3.0, 1.0, 3.0, 3.0, 3.0, 2.0, 8.0, 7.0, 36.0, 60.0, 470.0, 51.0, 42.0, 29.0, 34.0, 27.0, 9.0, 10.0, 5.0, 4.0, 0.0, 2.0, 1.0, 0.0, 1.0], "bins": [-0.0730455070734024, -0.07156099379062653, -0.07007648050785065, -0.06859196722507477, -0.06710746139287949, -0.06562294811010361, -0.06413843482732773, -0.06265392154455185, -0.06116940826177597, -0.05968489497900009, -0.05820038542151451, -0.05671587213873863, -0.05523135885596275, -0.053746845573186874, -0.052262336015701294, -0.050777822732925415, -0.049293309450149536, -0.04780879616737366, -0.04632428660988808, -0.0448397733271122, -0.04335526004433632, -0.04187074676156044, -0.04038623720407486, -0.03890172392129898, -0.0374172143638134, -0.03593270108103752, -0.03444819152355194, -0.03296367824077606, -0.03147916495800018, -0.029994653537869453, -0.028510140255093575, -0.027025628834962845, -0.025541115552186966, -0.024056604132056236, -0.022572090849280357, -0.021087579429149628, -0.01960306614637375, -0.01811855472624302, -0.01663404144346714, -0.01514953002333641, -0.013665016740560532, -0.012180504389107227, -0.010695992037653923, -0.009211479686200619, -0.007726967800408602, -0.0062424554489552975, -0.0047579435631632805, -0.003273431211709976, -0.0017889197915792465, -0.00030440755654126406, 0.0011801046784967184, 0.002664616797119379, 0.004149129148572683, 0.005633641500025988, 0.007118153385818005, 0.008602665737271309, 0.010087178088724613, 0.011571690440177917, 0.013056202791631222, 0.014540715143084526, 0.016025226563215256, 0.017509739845991135, 0.018994251266121864, 0.020478764548897743, 0.021963275969028473]}, "gradients/fc2.bias": {"_type": "histogram", "values": [2.0, 0.0, 0.0, 1.0, 0.0, 1.0, 0.0, 0.0, 0.0, 3.0, 0.0, 0.0, 0.0, 1.0, 2.0, 1.0, 3.0, 2.0, 0.0, 1.0, 2.0, 1.0, 1.0, 2.0, 4.0, 3.0, 2.0, 7.0, 2.0, 7.0, 16.0, 2.0, 0.0, 3.0, 1.0, 0.0, 1.0, 0.0, 0.0, 0.0, 1.0, 0.0, 0.0, 1.0, 0.0, 2.0, 1.0, 2.0, 0.0, 1.0, 0.0, 0.0, 0.0, 0.0, 1.0, 1.0, 1.0, 0.0, 0.0, 0.0, 1.0, 0.0, 0.0, 1.0], "bins": [-0.0011839588405564427, -0.0011445750715211034, -0.001105191302485764, -0.0010658074170351028, -0.0010264236479997635, -0.0009870398789644241, -0.0009476561099290848, -0.0009082722826860845, -0.0008688885136507452, -0.0008295047446154058, -0.0007901209173724055, -0.0007507371483370662, -0.0007113533793017268, -0.0006719695520587265, -0.0006325857830233872, -0.0005932019557803869, -0.0005538181867450476, -0.0005144344177097082, -0.00047505059046670794, -0.0004356668214313686, -0.0003962830232921988, -0.00035689922515302896, -0.0003175154561176896, -0.0002781316579785198, -0.00023874785983934999, -0.00019936406170018017, -0.0001599802781129256, -0.00012059648724971339, -8.121269638650119e-05, -4.1828905523288995e-05, -2.445114660076797e-06, 3.69386762031354e-05, 7.63224670663476e-05, 0.0001157062579295598, 0.000155090048792772, 0.00019447383238002658, 0.0002338576305191964, 0.0002732414286583662, 0.00031262519769370556, 0.00035200899583287537, 0.0003913927939720452, 0.000430776592111215, 0.0004701603902503848, 0.0005095441592857242, 0.0005489279283210635, 0.0005883117555640638, 0.0006276955245994031, 0.0006670793518424034, 0.0007064631208777428, 0.0007458468899130821, 0.0007852307171560824, 0.0008246144861914217, 0.000863998313434422, 0.0009033820824697614, 0.0009427658515051007, 0.00098214962054044, 0.0010215335059911013, 0.0010609172750264406, 0.00110030104406178, 0.0011396849295124412, 0.0011790686985477805, 0.0012184524675831199, 0.0012578362366184592, 0.0012972200056537986, 0.001336603774689138]}, "gradients/fc2.weight": {"_type": "histogram", "values": [2.0, 3.0, 1.0, 0.0, 1.0, 1.0, 1.0, 2.0, 3.0, 2.0, 5.0, 3.0, 4.0, 4.0, 13.0, 16.0, 9.0, 16.0, 19.0, 24.0, 20.0, 41.0, 45.0, 57.0, 92.0, 110.0, 179.0, 309.0, 986.0, 7453.0, 206.0, 86.0, 58.0, 49.0, 36.0, 31.0, 27.0, 25.0, 18.0, 20.0, 16.0, 14.0, 11.0, 9.0, 12.0, 6.0, 7.0, 4.0, 1.0, 5.0, 2.0, 3.0, 1.0, 1.0, 2.0, 2.0, 0.0, 1.0, 2.0, 1.0, 1.0, 0.0, 1.0, 1.0], "bins": [-0.01595924235880375, -0.015413273125886917, -0.014867303892970085, -0.014321335591375828, -0.013775366358458996, -0.013229397125542164, -0.012683428823947906, -0.012137459591031075, -0.011591490358114243, -0.01104552112519741, -0.010499551892280579, -0.009953583590686321, -0.00940761435776949, -0.008861645124852657, -0.0083156768232584, -0.007769707590341568, -0.007223738357424736, -0.006677769124507904, -0.006131800357252359, -0.005585831589996815, -0.005039862357079983, -0.004493893124163151, -0.003947924356907606, -0.003401955356821418, -0.0028559863567352295, -0.002310017356649041, -0.0017640483565628529, -0.0012180793564766645, -0.0006721103563904762, -0.0001261413563042879, 0.0004198276437819004, 0.0009657966438680887, 0.0015117637813091278, 0.002057732781395316, 0.0026037017814815044, 0.0031496707815676928, 0.003695639781653881, 0.004241609014570713, 0.004787577781826258, 0.005333546549081802, 0.005879515781998634, 0.006425485014915466, 0.006971453782171011, 0.007517422549426556, 0.008063391782343388, 0.00860936101526022, 0.009155329316854477, 0.009701298549771309, 0.010247267782688141, 0.010793237015604973, 0.011339206248521805, 0.011885174550116062, 0.012431143783032894, 0.012977113015949726, 0.013523081317543983, 0.014069050550460815, 0.014615019783377647, 0.01516098901629448, 0.01570695824921131, 0.016252927482128143, 0.016798894852399826, 0.017344864085316658, 0.01789083331823349, 0.018436802551150322, 0.018982771784067154]}, "gradients/fc1.bias": {"_type": "histogram", "values": [1.0, 0.0, 0.0, 0.0, 0.0, 0.0, 0.0, 0.0, 0.0, 0.0, 0.0, 0.0, 0.0, 1.0, 2.0, 2.0, 0.0, 1.0, 1.0, 0.0, 1.0, 0.0, 0.0, 0.0, 0.0, 0.0, 1.0, 4.0, 2.0, 1.0, 0.0, 3.0, 1.0, 3.0, 4.0, 8.0, 68.0, 4.0, 1.0, 0.0, 1.0, 0.0, 0.0, 1.0, 1.0, 1.0, 1.0, 0.0, 1.0, 0.0, 1.0, 0.0, 2.0, 0.0, 0.0, 0.0, 1.0, 0.0, 0.0, 0.0, 0.0, 0.0, 0.0, 1.0],