{"gradients/fc3.bias": {"_type": "histogram", "values": [1.0, 0.0, 0.0, 0.0, 0.0, 0.0, 0.0, 0.0, 0.0, 0.0, 0.0, 0.0, 0.0, 0.0, 0.0, 0.0, 0.0, 0.0, 0.0, 0.0, 0.0, 0.0, 0.0, 0.0, 0.0, 0.0, 0.0, 0.0, 0.0, 0.0, 0.0, 1.0, 0.0, 0.0, 0.0, 0.0, 1.0, 0.0, 0.0, 2.0, 1.0, 1.0, 1.0, 0.0, 0.0, 0.0, 0.0, 0.0, 0.0, 0.0, 0.0, 0.0, 0.0, 0.0, 0.0, 0.0, 1.0, 0.0, 0.0, 0.0, 0.0, 0.0, 0.0, 1.0], "bins": [-0.032496821135282516, -0.031667329370975494, -0.030837833881378174, -0.030008340254426003, -0.02917884662747383, -0.02834935300052166, -0.02751985937356949, -0.026690365746617317, -0.025860872119665146, -0.025031378492712975, -0.024201884865760803, -0.023372391238808632, -0.02254289761185646, -0.02171340398490429, -0.020883910357952118, -0.020054416730999947, -0.019224924966692924, -0.018395431339740753, -0.017565937712788582, -0.01673644408583641, -0.01590695045888424, -0.015077457763254642, -0.014247964136302471, -0.0134184705093503, -0.012588977813720703, -0.011759484186768532, -0.01092999055981636, -0.01010049693286419, -0.009271003305912018, -0.008441510610282421, -0.00761201698333025, -0.0067825233563780785, -0.0059530287981033325, -0.005123535171151161, -0.00429404154419899, -0.003464548382908106, -0.0026350547559559345, -0.001805561245419085, -0.0009760677348822355, -0.00014657422434538603, 0.0006829202175140381, 0.0015124137280508876, 0.002341907238587737, 0.0031714006327092648, 0.004000894259661436, 0.004830387886613607, 0.005659881047904491, 0.006489374674856663, 0.0073188673704862595, 0.00814836099743843, 0.008977854624390602, 0.009807348251342773, 0.010636841878294945, 0.011466334573924541, 0.012295828200876713, 0.013125321827828884, 0.013954815454781055, 0.014784309081733227, 0.015613802708685398, 0.016443295404314995, 0.017272789031267166, 0.018102282658219337, 0.01893177628517151, 0.01976126991212368, 0.02059076353907585]}, "_timestamp": 1672931251.207812, "gradients/fc3.weight": {"_type": "histogram", "values": [1.0, 0.0, 1.0, 1.0, 1.0, 0.0, 0.0, 1.0, 0.0, 0.0, 0.0, 1.0, 0.0, 0.0, 0.0, 1.0, 0.0, 4.0, 1.0, 0.0, 1.0, 3.0, 0.0, 1.0, 3.0, 0.0, 4.0, 0.0, 1.0, 1.0, 0.0, 2.0, 3.0, 5.0, 4.0, 7.0, 10.0, 14.0, 23.0, 34.0, 554.0, 54.0, 24.0, 21.0, 3.0, 4.0, 9.0, 5.0, 4.0, 5.0, 7.0, 4.0, 5.0, 1.0, 0.0, 3.0, 3.0, 0.0, 1.0, 1.0, 1.0, 1.0, 0.0, 2.0], "bins": [-0.2816976010799408, -0.2747029960155487, -0.2677083909511566, -0.2607138156890869, -0.2537192106246948, -0.24672460556030273, -0.23973001539707184, -0.23273541033267975, -0.22574082016944885, -0.21874621510505676, -0.21175162494182587, -0.20475701987743378, -0.19776242971420288, -0.1907678246498108, -0.1837732344865799, -0.1767786294221878, -0.1697840392589569, -0.16278943419456482, -0.15579484403133392, -0.14880023896694183, -0.14180564880371094, -0.13481104373931885, -0.12781645357608795, -0.12082185596227646, -0.11382724344730377, -0.10683264583349228, -0.09983804821968079, -0.0928434506058693, -0.0858488529920578, -0.07885425537824631, -0.07185965776443481, -0.06486506015062332, -0.05787046253681183, -0.050875864923000336, -0.04388126730918884, -0.03688666969537735, -0.029892070218920708, -0.022897472605109215, -0.015902873128652573, -0.00890827551484108, -0.0019136816263198853, 0.005080916453152895, 0.012075514532625675, 0.019070113077759743, 0.026064710691571236, 0.03305931016802788, 0.04005390778183937, 0.047048505395650864, 0.054043106734752655, 0.06103770434856415, 0.06803230196237564, 0.07502689957618713, 0.08202149718999863, 0.08901609480381012, 0.09601069241762161, 0.1030052900314331, 0.1099998950958252, 0.11699449270963669, 0.12398909032344818, 0.13098369538784027, 0.13797828555107117, 0.14497289061546326, 0.15196748077869415, 0.15896208584308624, 0.16595667600631714]}, "gradients/fc2.bias": {"_type": "histogram", "values": [3.0, 0.0, 1.0, 0.0, 0.0, 0.0, 0.0, 0.0, 0.0, 0.0, 3.0, 1.0, 1.0, 1.0, 2.0, 0.0, 0.0, 2.0, 2.0, 0.0, 0.0, 5.0, 1.0, 2.0, 2.0, 2.0, 4.0, 19.0, 2.0, 4.0, 5.0, 2.0, 2.0, 1.0, 0.0, 1.0, 1.0, 1.0, 0.0, 1.0, 1.0, 1.0, 1.0, 1.0, 1.0, 0.0, 0.0, 1.0, 0.0, 2.0, 1.0, 0.0, 1.0, 0.0, 0.0, 0.0, 0.0, 0.0, 1.0, 0.0, 0.0, 0.0, 1.0, 1.0], "bins": [-0.006030484102666378, -0.005812861956655979, -0.005595240276306868, -0.005377618130296469, -0.00515999598428607, -0.004942374303936958, -0.0047247521579265594, -0.004507130011916161, -0.004289507865905762, -0.004071885719895363, -0.0038542638067156076, -0.0036366418935358524, -0.0034190197475254536, -0.0032013978343456984, -0.002983775921165943, -0.0027661537751555443, -0.0025485320948064327, -0.0023309101816266775, -0.0021132880356162786, -0.0018956661224365234, -0.0016780440928414464, -0.0014604220632463694, -0.0012428001500666142, -0.0010251781204715371, -0.0008075563237071037, -0.0005899342941120267, -0.00037231232272461057, -0.00015469032223336399, 6.29316782578826e-05, 0.0002805536787491292, 0.0004981756792403758, 0.0007157976506277919, 0.0009334199130535126, 0.0011510419426485896, 0.0013686639722436666, 0.0015862858854234219, 0.001803907915018499, 0.002021529944613576, 0.002239151857793331, 0.00245677400380373, 0.002674396149814129, 0.002892018062993884, 0.003109640209004283, 0.003327262122184038, 0.003544884268194437, 0.0037625061813741922, 0.0039801280945539474, 0.004197750240564346, 0.004415371920913458, 0.004632994066923857, 0.004850615747272968, 0.005068237893283367, 0.005285860039293766, 0.005503481719642878, 0.0057211038656532764, 0.005938726011663675, 0.006156347692012787, 0.006373969838023186, 0.006591591518372297, 0.006809213664382696, 0.007026835810393095, 0.007244457490742207, 0.0074620796367526054, 0.007679701782763004, 0.007897323928773403]}, "gradients/fc2.weight": {"_type": "histogram", "values": [1.0, 1.0, 1.0, 1.0, 3.0, 0.0, 5.0, 4.0, 3.0, 5.0, 8.0, 9.0, 5.0, 5.0, 8.0, 13.0, 16.0, 21.0, 30.0, 35.0, 41.0, 33.0, 52.0, 64.0, 80.0, 133.0, 179.0, 330.0, 820.0, 7009.0, 367.0, 198.0, 119.0, 71.0, 54.0, 52.0, 39.0, 32.0, 33.0, 30.0, 23.0, 23.0, 15.0, 14.0, 16.0, 13.0, 11.0, 11.0, 4.0, 7.0, 5.0, 4.0, 7.0, 4.0, 3.0, 3.0, 1.0, 2.0, 1.0, 2.0, 0.0, 0.0, 0.0, 1.0], "bins": [-0.06552857160568237, -0.06327918916940689, -0.06102980673313141, -0.058780424296855927, -0.056531041860580444, -0.05428165942430496, -0.05203227698802948, -0.049782894551754, -0.047533512115478516, -0.04528412967920303, -0.04303474724292755, -0.04078536480665207, -0.03853598237037659, -0.036286599934101105, -0.03403721749782562, -0.03178783506155014, -0.02953844889998436, -0.027289066463708878, -0.025039684027433395, -0.022790301591157913, -0.02054091915488243, -0.0182915348559618, -0.016042152419686317, -0.013792769983410835, -0.011543385684490204, -0.009294003248214722, -0.007044620346277952, -0.004795237444341183, -0.0025458550080657005, -0.0002964723389595747, 0.0019529103301465511, 0.004202293232083321, 0.0064516738057136536, 0.008701056241989136, 0.010950438678264618, 0.013199822045862675, 0.015449204482138157, 0.017698587849736214, 0.019947970286011696, 0.022197352722287178, 0.02444673329591751, 0.026696115732192993, 0.028945498168468475, 0.031194880604743958, 0.03344426304101944, 0.03569364547729492, 0.037943027913570404, 0.040192410349845886, 0.04244179651141167, 0.04469117894768715, 0.04694056138396263, 0.04918994382023811, 0.051439326256513596, 0.05368870869278908, 0.05593809112906456, 0.05818747356534004, 0.06043685972690582, 0.0626862421631813, 0.06493562459945679, 0.06718500703573227, 0.06943438947200775, 0.07168377190828323, 0.07393315434455872, 0.0761825367808342, 0.07843191921710968]}, "gradients/fc1.bias": {"_type": "histogram", "values": [1.0, 0.0, 0.0, 0.0, 0.0, 0.0, 0.0, 1.0, 0.0, 0.0, 0.0, 0.0, 0.0, 0.0, 3.0, 1.0, 0.0, 0.0, 2.0, 0.0, 0.0, 0.0, 1.0, 1.0, 2.0, 0.0, 1.0, 0.0, 3.0, 4.0, 6.0, 3.0, 54.0, 5.0, 4.0, 4.0, 5.0, 2.0, 2.0, 1.0, 1.0, 3.0, 2.0, 0.0, 1.0, 0.0, 1.0, 2.0, 1.0, 0.0, 0.0, 0.0, 0.0, 0.0, 0.0, 0.0, 1.0, 0.0, 0.0, 0.0, 1.0, 0.0, 0.0, 1.0],