{"gradients/fc3.bias": {"_type": "histogram", "values": [2.0, 0.0, 0.0, 0.0, 0.0, 0.0, 0.0, 0.0, 0.0, 0.0, 0.0, 0.0, 0.0, 0.0, 0.0, 0.0, 0.0, 0.0, 0.0, 0.0, 0.0, 0.0, 0.0, 1.0, 0.0, 0.0, 0.0, 0.0, 0.0, 2.0, 0.0, 1.0, 0.0, 2.0, 0.0, 0.0, 0.0, 0.0, 0.0, 0.0, 0.0, 0.0, 1.0, 0.0, 0.0, 0.0, 0.0, 0.0, 0.0, 0.0, 0.0, 0.0, 0.0, 0.0, 0.0, 0.0, 0.0, 0.0, 0.0, 0.0, 0.0, 0.0, 0.0, 1.0], "bins": [-0.05782753601670265, -0.055824823677539825, -0.0538221150636673, -0.05181940644979477, -0.04981669411063194, -0.047813981771469116, -0.04581127315759659, -0.04380856454372406, -0.041805852204561234, -0.03980313986539841, -0.03780043125152588, -0.03579772263765335, -0.033795010298490524, -0.0317922979593277, -0.02978958934545517, -0.027786878868937492, -0.025784168392419815, -0.023781457915902138, -0.02177874743938446, -0.019776036962866783, -0.017773326486349106, -0.01577061600983143, -0.013767905533313751, -0.011765195056796074, -0.009762484580278397, -0.007759774103760719, -0.005757063627243042, -0.0037543531507253647, -0.0017516426742076874, 0.00025106780230998993, 0.0022537782788276672, 0.0042564887553453445, 0.00625920295715332, 0.008261913433670998, 0.010264623910188675, 0.012267334386706352, 0.01427004486322403, 0.016272755339741707, 0.018275465816259384, 0.02027817629277706, 0.02228088676929474, 0.024283597245812416, 0.026286307722330093, 0.02828901819884777, 0.030291728675365448, 0.032294437289237976, 0.0342971496284008, 0.03629986196756363, 0.03830257058143616, 0.040305279195308685, 0.04230799153447151, 0.04431070387363434, 0.046313412487506866, 0.048316121101379395, 0.05031883344054222, 0.05232154577970505, 0.054324254393577576, 0.056326963007450104, 0.05832967534661293, 0.06033238768577576, 0.062335096299648285, 0.06433780491352081, 0.06634052097797394, 0.06834322959184647, 0.070345938205719]}, "_timestamp": 1672936430.622997, "gradients/fc3.weight": {"_type": "histogram", "values": [1.0, 0.0, 0.0, 0.0, 0.0, 0.0, 0.0, 0.0, 0.0, 0.0, 0.0, 1.0, 1.0, 1.0, 0.0, 1.0, 1.0, 0.0, 1.0, 1.0, 1.0, 1.0, 0.0, 0.0, 2.0, 5.0, 3.0, 3.0, 4.0, 3.0, 5.0, 5.0, 10.0, 19.0, 698.0, 28.0, 14.0, 6.0, 5.0, 4.0, 2.0, 2.0, 1.0, 0.0, 1.0, 1.0, 2.0, 1.0, 0.0, 1.0, 1.0, 0.0, 1.0, 1.0, 1.0, 0.0, 0.0, 0.0, 0.0, 0.0, 0.0, 0.0, 0.0, 1.0], "bins": [-0.9661320447921753, -0.937795102596283, -0.9094581007957458, -0.8811211585998535, -0.8527841567993164, -0.8244472146034241, -0.796110212802887, -0.7677732706069946, -0.7394362688064575, -0.7110993266105652, -0.6827623248100281, -0.6544253826141357, -0.6260883808135986, -0.5977514386177063, -0.5694144368171692, -0.5410774946212769, -0.5127405524253845, -0.4844035804271698, -0.4560666084289551, -0.42772963643074036, -0.39939266443252563, -0.3710557222366333, -0.3427187502384186, -0.31438177824020386, -0.2860448360443115, -0.2577078640460968, -0.22937089204788208, -0.20103393495082855, -0.17269696295261383, -0.1443599909543991, -0.11602302640676498, -0.08768606185913086, -0.059349119663238525, -0.031012151390314102, -0.002675183117389679, 0.025661785155534744, 0.05399875342845917, 0.08233572542667389, 0.11067268997430801, 0.13900965452194214, 0.16734665632247925, 0.19568362832069397, 0.2240206003189087, 0.2523575723171234, 0.28069454431533813, 0.30903148651123047, 0.3373684585094452, 0.3657054305076599, 0.39404237270355225, 0.42237934470176697, 0.4507163166999817, 0.4790532886981964, 0.5073902606964111, 0.5357272028923035, 0.5640642046928406, 0.5924011468887329, 0.62073814868927, 0.6490750908851624, 0.6774120926856995, 0.7057490348815918, 0.7340860366821289, 0.7624229788780212, 0.7907599806785583, 0.8190969228744507, 0.847433865070343]}, "gradients/fc2.bias": {"_type": "histogram", "values": [1.0, 0.0, 0.0, 0.0, 0.0, 0.0, 0.0, 0.0, 1.0, 0.0, 0.0, 1.0, 0.0, 0.0, 1.0, 0.0, 0.0, 0.0, 1.0, 1.0, 2.0, 0.0, 0.0, 2.0, 0.0, 3.0, 1.0, 3.0, 2.0, 1.0, 2.0, 7.0, 33.0, 5.0, 2.0, 1.0, 1.0, 1.0, 1.0, 1.0, 0.0, 0.0, 0.0, 1.0, 2.0, 1.0, 2.0, 0.0, 0.0, 1.0, 1.0, 0.0, 0.0, 0.0, 1.0, 0.0, 0.0, 0.0, 0.0, 0.0, 0.0, 0.0, 0.0, 1.0], "bins": [-0.029273707419633865, -0.028360020369291306, -0.027446333318948746, -0.026532646268606186, -0.025618959218263626, -0.024705272167921066, -0.023791585117578506, -0.022877898067235947, -0.021964211016893387, -0.021050523966550827, -0.020136836916208267, -0.019223149865865707, -0.018309462815523148, -0.017395775765180588, -0.016482088714838028, -0.015568401664495468, -0.014654714614152908, -0.013741027563810349, -0.012827340513467789, -0.011913653463125229, -0.010999966412782669, -0.01008627936244011, -0.00917259231209755, -0.00825890526175499, -0.00734521821141243, -0.00643153116106987, -0.00551784411072731, -0.00460415706038475, -0.0036904700100421906, -0.0027767829596996307, -0.001863095909357071, -0.0009494088590145111, -3.5721808671951294e-05, 0.0008779652416706085, 0.0017916522920131683, 0.002705339342355728, 0.003619026392698288, 0.004532713443040848, 0.005446400493383408, 0.006360087543725967, 0.007273774594068527, 0.008187461644411087, 0.009101148694753647, 0.010014835745096207, 0.010928522795438766, 0.011842209845781326, 0.012755896896123886, 0.013669583946466446, 0.014583270996809006, 0.015496958047151566, 0.016410645097494125, 0.017324332147836685, 0.018238019198179245, 0.019151706248521805, 0.020065393298864365, 0.020979080349206924, 0.021892767399549484, 0.022806454449892044, 0.023720141500234604, 0.024633828550577164, 0.025547515600919724, 0.026461202651262283, 0.027374889701604843, 0.028288576751947403, 0.029202263802289963]}, "gradients/fc2.weight": {"_type": "histogram", "values": [1.0, 1.0, 0.0, 0.0, 1.0, 0.0, 1.0, 1.0, 0.0, 2.0, 3.0, 0.0, 2.0, 4.0, 1.0, 3.0, 2.0, 1.0, 7.0, 9.0, 5.0, 9.0, 17.0, 10.0, 20.0, 19.0, 26.0, 33.0, 43.0, 62.0, 130.0, 9208.0, 145.0, 94.0, 39.0, 27.0, 23.0, 21.0, 24.0, 16.0, 13.0, 11.0, 9.0, 6.0, 5.0, 5.0, 3.0, 2.0, 2.0, 2.0, 3.0, 2.0, 0.0, 2.0, 1.0, 1.0, 0.0, 1.0, 0.0, 1.0, 0.0, 0.0, 0.0, 1.0], "bins": [-0.3636877238750458, -0.3521846830844879, -0.34068164229393005, -0.3291786015033722, -0.31767553091049194, -0.3061724901199341, -0.2946694493293762, -0.28316640853881836, -0.2716633677482605, -0.26016032695770264, -0.24865728616714478, -0.23715423047542572, -0.22565118968486786, -0.21414814889431, -0.20264509320259094, -0.19114205241203308, -0.17963901162147522, -0.16813597083091736, -0.1566329300403595, -0.14512987434864044, -0.13362683355808258, -0.12212379276752472, -0.11062074452638626, -0.0991176962852478, -0.08761465549468994, -0.07611161470413208, -0.06460856646299362, -0.05310552194714546, -0.0416024774312973, -0.030099432915449142, -0.018596388399600983, -0.007093343883752823, 0.004409670829772949, 0.01591271534562111, 0.02741575986146927, 0.03891880437731743, 0.05042184889316559, 0.06192489340901375, 0.07342793792486191, 0.08493098616600037, 0.09643402695655823, 0.10793706774711609, 0.11944011598825455, 0.130943164229393, 0.14244620501995087, 0.15394924581050873, 0.16545230150222778, 0.17695534229278564, 0.1884583830833435, 0.19996142387390137, 0.21146446466445923, 0.22296752035617828, 0.23447056114673615, 0.245973601937294, 0.25747665762901306, 0.2689796984195709, 0.2804827392101288, 0.29198578000068665, 0.3034888207912445, 0.31499186158180237, 0.3264949321746826, 0.3379979729652405, 0.34950101375579834, 0.3610040545463562, 0.37250709533691406]}, "gradients/fc1.bias": {"_type": "histogram", "values": [1.0, 0.0, 0.0, 0.0, 0.0, 0.0, 0.0, 0.0, 0.0, 0.0, 0.0, 0.0, 1.0, 0.0, 0.0, 1.0, 0.0, 0.0, 0.0, 1.0, 1.0, 1.0, 0.0, 0.0, 1.0, 0.0, 5.0, 0.0, 1.0, 4.0, 3.0, 74.0, 5.0, 4.0, 2.0, 1.0, 2.0, 0.0, 0.0, 1.0, 0.0, 1.0, 0.0, 3.0, 0.0, 0.0, 0.0, 0.0, 0.0, 0.0, 1.0, 0.0, 0.0, 1.0, 0.0, 0.0, 0.0, 0.0, 1.0, 1.0, 0.0, 1.0, 1.0, 1.0],