{"gradients/fc3.bias": {"_type": "histogram", "values": [1.0, 0.0, 0.0, 0.0, 0.0, 0.0, 0.0, 0.0, 0.0, 0.0, 0.0, 0.0, 0.0, 0.0, 0.0, 0.0, 0.0, 0.0, 0.0, 0.0, 1.0, 0.0, 0.0, 0.0, 0.0, 0.0, 0.0, 0.0, 0.0, 0.0, 1.0, 0.0, 0.0, 0.0, 1.0, 3.0, 0.0, 0.0, 0.0, 1.0, 0.0, 0.0, 0.0, 0.0, 0.0, 0.0, 0.0, 0.0, 0.0, 0.0, 0.0, 0.0, 0.0, 0.0, 0.0, 0.0, 0.0, 1.0, 0.0, 0.0, 0.0, 0.0, 0.0, 1.0], "bins": [-0.05408138781785965, -0.052554965019226074, -0.0510285422205925, -0.04950211942195892, -0.04797569662332535, -0.046449270099401474, -0.0449228473007679, -0.04339642450213432, -0.04187000170350075, -0.04034357890486717, -0.0388171561062336, -0.03729073330760002, -0.03576430678367615, -0.03423788398504257, -0.032711461186409, -0.03118503838777542, -0.029658615589141846, -0.02813219279050827, -0.026605769991874695, -0.02507934533059597, -0.023552922531962395, -0.02202649973332882, -0.020500075072050095, -0.01897365227341652, -0.017447229474782944, -0.01592080667614937, -0.014394382946193218, -0.012867959216237068, -0.011341536417603493, -0.009815113618969917, -0.008288689889013767, -0.0067622666247189045, -0.005235843360424042, -0.003709420096129179, -0.0021829968318343163, -0.0006565735675394535, 0.0008698496967554092, 0.002396272961050272, 0.003922696225345135, 0.0054491194896399975, 0.00697554275393486, 0.008501965552568436, 0.010028389282524586, 0.011554813012480736, 0.013081235811114311, 0.014607658609747887, 0.01613408327102661, 0.017660506069660187, 0.019186928868293762, 0.020713351666927338, 0.022239774465560913, 0.023766199126839638, 0.025292621925473213, 0.02681904472410679, 0.028345469385385513, 0.02987189218401909, 0.031398314982652664, 0.03292473778128624, 0.034451160579919815, 0.03597758337855339, 0.037504009902477264, 0.03903043270111084, 0.040556855499744415, 0.04208327829837799, 0.043609701097011566]}, "_timestamp": 1672934600.361172, "gradients/fc3.weight": {"_type": "histogram", "values": [1.0, 0.0, 1.0, 0.0, 0.0, 0.0, 1.0, 0.0, 0.0, 0.0, 1.0, 1.0, 0.0, 1.0, 1.0, 0.0, 1.0, 2.0, 3.0, 2.0, 5.0, 1.0, 1.0, 3.0, 2.0, 1.0, 4.0, 5.0, 2.0, 6.0, 1.0, 3.0, 4.0, 3.0, 8.0, 8.0, 18.0, 48.0, 583.0, 25.0, 14.0, 15.0, 6.0, 8.0, 5.0, 6.0, 3.0, 3.0, 3.0, 4.0, 5.0, 1.0, 3.0, 3.0, 2.0, 1.0, 4.0, 2.0, 1.0, 1.0, 2.0, 1.0, 0.0, 1.0], "bins": [-0.3760838508605957, -0.36621180176734924, -0.3563397526741028, -0.3464677035808563, -0.33659565448760986, -0.3267236053943634, -0.31685155630111694, -0.3069795072078705, -0.297107458114624, -0.28723540902137756, -0.2773633599281311, -0.26749131083488464, -0.2576192617416382, -0.24774722754955292, -0.23787517845630646, -0.22800312936306, -0.21813109517097473, -0.20825904607772827, -0.1983869969844818, -0.18851494789123535, -0.1786428987979889, -0.16877086460590363, -0.15889881551265717, -0.1490267664194107, -0.13915471732616425, -0.12928266823291779, -0.11941061913967133, -0.10953857749700546, -0.099666528403759, -0.08979447931051254, -0.07992243766784668, -0.07005038857460022, -0.06017833948135376, -0.0503062903881073, -0.04043424502015114, -0.030562197789549828, -0.020690150558948517, -0.010818103328347206, -0.0009460560977458954, 0.008925991132855415, 0.018798038363456726, 0.028670085594058037, 0.03854213282465935, 0.04841417819261551, 0.05828622728586197, 0.06815827637910843, 0.07803031802177429, 0.08790236711502075, 0.09777441620826721, 0.10764646530151367, 0.11751851439476013, 0.1273905634880066, 0.13726261258125305, 0.14713464677333832, 0.15700669586658478, 0.16687874495983124, 0.1767507940530777, 0.18662284314632416, 0.19649489223957062, 0.20636694133281708, 0.21623897552490234, 0.2261110246181488, 0.23598307371139526, 0.24585512280464172, 0.2557271718978882]}, "gradients/fc2.bias": {"_type": "histogram", "values": [1.0, 0.0, 0.0, 0.0, 0.0, 0.0, 0.0, 0.0, 0.0, 0.0, 0.0, 0.0, 0.0, 0.0, 0.0, 0.0, 1.0, 0.0, 0.0, 0.0, 0.0, 0.0, 1.0, 1.0, 0.0, 2.0, 0.0, 2.0, 3.0, 0.0, 1.0, 3.0, 5.0, 4.0, 2.0, 7.0, 25.0, 2.0, 3.0, 1.0, 2.0, 0.0, 1.0, 0.0, 1.0, 1.0, 0.0, 0.0, 0.0, 1.0, 2.0, 0.0, 1.0, 2.0, 4.0, 1.0, 0.0, 0.0, 1.0, 1.0, 0.0, 1.0, 0.0, 1.0], "bins": [-0.015108931809663773, -0.014691723510622978, -0.014274515211582184, -0.013857307843863964, -0.01344009954482317, -0.013022891245782375, -0.012605683878064156, -0.012188475579023361, -0.011771267279982567, -0.011354058980941772, -0.010936850681900978, -0.010519643314182758, -0.010102435015141964, -0.00968522671610117, -0.00926801934838295, -0.008850811049342155, -0.008433602750301361, -0.008016394451260567, -0.00759918661788106, -0.007181978784501553, -0.006764770485460758, -0.006347562186419964, -0.005930354353040457, -0.00551314651966095, -0.005095938220620155, -0.004678729921579361, -0.004261522088199854, -0.003844314021989703, -0.0034271059557795525, -0.0030098978895694017, -0.002592689823359251, -0.0021754817571491003, -0.0017582746222615242, -0.0013410665560513735, -0.0009238584898412228, -0.000506650423631072, -8.944235742092133e-05, 0.0003277657087892294, 0.0007449737749993801, 0.0011621818412095308, 0.0015793899074196815, 0.0019965979736298323, 0.002413806039839983, 0.0028310141060501337, 0.0032482221722602844, 0.003665430238470435, 0.004082638304680586, 0.004499846138060093, 0.004917054437100887, 0.005334262736141682, 0.005751470569521189, 0.006168678402900696, 0.00658588670194149, 0.0070030950009822845, 0.007420302834361792, 0.007837510667741299, 0.008254718966782093, 0.008671927265822887, 0.009089134633541107, 0.009506342932581902, 0.009923551231622696, 0.01034075953066349, 0.010757967829704285, 0.011175175197422504, 0.011592383496463299]}, "gradients/fc2.weight": {"_type": "histogram", "values": [1.0, 1.0, 0.0, 0.0, 0.0, 1.0, 0.0, 1.0, 1.0, 1.0, 1.0, 1.0, 2.0, 1.0, 1.0, 1.0, 1.0, 5.0, 3.0, 7.0, 9.0, 9.0, 12.0, 9.0, 12.0, 23.0, 21.0, 32.0, 38.0, 53.0, 85.0, 139.0, 170.0, 703.0, 7943.0, 169.0, 123.0, 93.0, 68.0, 39.0, 33.0, 27.0, 19.0, 19.0, 36.0, 23.0, 26.0, 19.0, 17.0, 9.0, 14.0, 8.0, 6.0, 11.0, 4.0, 7.0, 7.0, 6.0, 2.0, 2.0, 2.0, 1.0, 2.0, 1.0], "bins": [-0.11745043098926544, -0.11400356888771057, -0.1105567142367363, -0.10710985213518143, -0.10366299748420715, -0.10021613538265228, -0.09676928073167801, -0.09332241863012314, -0.08987556397914886, -0.086428701877594, -0.08298184722661972, -0.07953498512506485, -0.07608813047409058, -0.0726412683725357, -0.06919441372156143, -0.06574755162000656, -0.06230068951845169, -0.05885383114218712, -0.055406972765922546, -0.051960114389657974, -0.0485132560133934, -0.04506639391183853, -0.04161953553557396, -0.03817267715930939, -0.03472581505775452, -0.031278956681489944, -0.027832098305225372, -0.02438523806631565, -0.02093837969005108, -0.017491521313786507, -0.01404466200619936, -0.010597802698612213, -0.0071509480476379395, -0.00370408920571208, -0.00025723036378622055, 0.003189628478139639, 0.006636487320065498, 0.01008334569633007, 0.013530205003917217, 0.016977064311504364, 0.020423918962478638, 0.02387077733874321, 0.027317635715007782, 0.030764495953917503, 0.034211352467536926, 0.0376582145690918, 0.04110507294535637, 0.04455193132162094, 0.04799879342317581, 0.051445651799440384, 0.054892510175704956, 0.05833936855196953, 0.0617862269282341, 0.06523308902978897, 0.06867994368076324, 0.07212680578231812, 0.07557366788387299, 0.07902052998542786, 0.08246738463640213, 0.085914246737957, 0.08936110138893127, 0.09280796349048615, 0.09625481814146042, 0.09970168024301529, 0.10314853489398956]}, "gradients/fc1.bias": {"_type": "histogram", "values": [1.0, 0.0, 0.0, 0.0, 0.0, 0.0, 0.0, 0.0, 1.0, 1.0, 0.0, 0.0, 0.0, 0.0, 0.0, 0.0, 0.0, 1.0, 0.0, 2.0, 0.0, 1.0, 1.0, 2.0, 1.0, 3.0, 1.0, 3.0, 0.0, 4.0, 4.0, 72.0, 1.0, 1.0, 4.0, 1.0, 1.0, 2.0, 0.0, 0.0, 2.0, 2.0, 1.0, 0.0, 0.0, 0.0, 0.0, 1.0, 1.0, 0.0, 0.0, 2.0, 0.0, 0.0, 0.0, 0.0, 0.0, 0.0, 2.0, 0.0, 0.0, 0.0, 0.0, 1.0],