{"gradients/fc3.bias": {"_type": "histogram", "values": [1.0, 0.0, 0.0, 0.0, 0.0, 0.0, 0.0, 0.0, 0.0, 0.0, 0.0, 1.0, 0.0, 0.0, 0.0, 0.0, 1.0, 1.0, 0.0, 0.0, 0.0, 0.0, 4.0, 0.0, 1.0, 0.0, 0.0, 0.0, 0.0, 0.0, 0.0, 0.0, 0.0, 0.0, 0.0, 0.0, 0.0, 0.0, 0.0, 0.0, 0.0, 0.0, 0.0, 0.0, 0.0, 0.0, 0.0, 0.0, 0.0, 0.0, 0.0, 0.0, 0.0, 0.0, 0.0, 0.0, 0.0, 0.0, 0.0, 0.0, 0.0, 0.0, 0.0, 1.0], "bins": [-0.06008010357618332, -0.057396698743104935, -0.05471329391002655, -0.052029892802238464, -0.04934648796916008, -0.046663083136081696, -0.04397968202829361, -0.041296277195215225, -0.03861287236213684, -0.035929467529058456, -0.03324606269598007, -0.030562661588191986, -0.0278792567551136, -0.025195851922035217, -0.022512448951601982, -0.019829045981168747, -0.017145641148090363, -0.014462237246334553, -0.011778833344578743, -0.009095429442822933, -0.006412025541067123, -0.0037286216393113136, -0.0010452177375555038, 0.001638186164200306, 0.004321590065956116, 0.0070049939677119255, 0.009688397869467735, 0.012371801771223545, 0.015055205672979355, 0.01773861050605774, 0.020422013476490974, 0.02310541644692421, 0.02578882873058319, 0.028472233563661575, 0.03115563653409481, 0.033839039504528046, 0.03652244433760643, 0.039205849170684814, 0.0418892502784729, 0.044572655111551285, 0.04725605994462967, 0.049939464777708054, 0.05262286961078644, 0.055306270718574524, 0.05798967555165291, 0.06067308038473129, 0.06335648149251938, 0.06603989005088806, 0.06872329115867615, 0.07140669226646423, 0.07409010082483292, 0.076773501932621, 0.07945691049098969, 0.08214031159877777, 0.08482371270656586, 0.08750712126493454, 0.09019052237272263, 0.09287392348051071, 0.0955573320388794, 0.09824073314666748, 0.10092413425445557, 0.10360754281282425, 0.10629094392061234, 0.10897435247898102, 0.1116577535867691]}, "_timestamp": 1672935770.742831, "gradients/fc3.weight": {"_type": "histogram", "values": [2.0, 1.0, 1.0, 0.0, 2.0, 2.0, 2.0, 0.0, 2.0, 4.0, 1.0, 6.0, 5.0, 4.0, 4.0, 7.0, 7.0, 14.0, 11.0, 14.0, 13.0, 18.0, 427.0, 212.0, 20.0, 8.0, 12.0, 6.0, 1.0, 3.0, 0.0, 3.0, 1.0, 3.0, 3.0, 1.0, 2.0, 1.0, 0.0, 1.0, 1.0, 1.0, 1.0, 0.0, 2.0, 2.0, 0.0, 0.0, 0.0, 1.0, 0.0, 0.0, 0.0, 1.0, 2.0, 1.0, 1.0, 0.0, 0.0, 0.0, 0.0, 0.0, 1.0, 2.0], "bins": [-0.37313637137413025, -0.35688719153404236, -0.34063801169395447, -0.3243888020515442, -0.3081396222114563, -0.2918904423713684, -0.2756412625312805, -0.2593920826911926, -0.24314288794994354, -0.22689370810985565, -0.21064451336860657, -0.19439533352851868, -0.1781461536884308, -0.1618969589471817, -0.1456477791070938, -0.12939858436584473, -0.11314940452575684, -0.09690021723508835, -0.08065102994441986, -0.06440185010433197, -0.04815266281366348, -0.031903475522994995, -0.015654291957616806, 0.0005948934704065323, 0.016844063997268677, 0.033093251287937164, 0.04934243485331535, 0.06559161841869354, 0.08184080570936203, 0.09808999300003052, 0.11433917284011841, 0.1305883675813675, 0.1468375325202942, 0.16308671236038208, 0.17933590710163116, 0.19558508694171906, 0.21183428168296814, 0.22808346152305603, 0.24433264136314392, 0.2605818212032318, 0.2768310308456421, 0.29308021068573, 0.30932939052581787, 0.32557860016822815, 0.34182778000831604, 0.35807695984840393, 0.3743261396884918, 0.3905753195285797, 0.4068244993686676, 0.4230736792087555, 0.4393228590488434, 0.45557206869125366, 0.47182124853134155, 0.48807042837142944, 0.5043196082115173, 0.5205687880516052, 0.5368179678916931, 0.553067147731781, 0.5693163275718689, 0.5855655074119568, 0.6018146872520447, 0.6180638670921326, 0.6343131065368652, 0.6505622863769531, 0.666811466217041]}, "gradients/fc2.bias": {"_type": "histogram", "values": [1.0, 0.0, 0.0, 0.0, 0.0, 0.0, 0.0, 0.0, 0.0, 1.0, 0.0, 1.0, 1.0, 0.0, 2.0, 0.0, 2.0, 0.0, 2.0, 3.0, 0.0, 0.0, 2.0, 0.0, 4.0, 4.0, 1.0, 2.0, 28.0, 4.0, 0.0, 2.0, 3.0, 1.0, 2.0, 2.0, 0.0, 0.0, 3.0, 1.0, 2.0, 0.0, 0.0, 1.0, 0.0, 1.0, 2.0, 0.0, 0.0, 0.0, 2.0, 0.0, 0.0, 0.0, 0.0, 1.0, 1.0, 0.0, 0.0, 0.0, 0.0, 1.0, 0.0, 1.0], "bins": [-0.01795690320432186, -0.017337361350655556, -0.01671781949698925, -0.016098275780677795, -0.01547873392701149, -0.014859192073345184, -0.014239649288356304, -0.013620107434689999, -0.013000564649701118, -0.012381022796034813, -0.011761480011045933, -0.011141938157379627, -0.010522395372390747, -0.009902853518724442, -0.009283310733735561, -0.008663768880069256, -0.00804422702640295, -0.0074246847070753574, -0.006805142387747765, -0.006185600068420172, -0.005566057749092579, -0.004946515895426273, -0.0043269735760986805, -0.0037074312567710876, -0.003087889403104782, -0.0024683470837771893, -0.0018488048808649182, -0.0012292626779526472, -0.0006097203586250544, 9.821902494877577e-06, 0.0006293641636148095, 0.0012489063665270805, 0.0018684491515159607, 0.0024879914708435535, 0.0031075337901711464, 0.0037270758766680956, 0.004346618428826332, 0.004966160282492638, 0.0055857026018202305, 0.006205244921147823, 0.0068247877061367035, 0.007444330025464296, 0.00806387234479189, 0.008683414198458195, 0.009302956983447075, 0.00992249883711338, 0.01054204162210226, 0.011161583475768566, 0.011781125329434872, 0.012400667183101177, 0.013020209968090057, 0.013639751821756363, 0.014259294606745243, 0.014878836460411549, 0.015498379245400429, 0.016117921099066734, 0.01673746295273304, 0.017357004806399345, 0.01797654666006565, 0.018596090376377106, 0.01921563223004341, 0.019835174083709717, 0.020454715937376022, 0.021074259653687477, 0.021693801507353783]}, "gradients/fc2.weight": {"_type": "histogram", "values": [1.0, 0.0, 1.0, 0.0, 0.0, 1.0, 0.0, 1.0, 2.0, 1.0, 4.0, 3.0, 0.0, 2.0, 3.0, 4.0, 5.0, 4.0, 9.0, 13.0, 19.0, 15.0, 32.0, 26.0, 54.0, 73.0, 139.0, 236.0, 415.0, 7421.0, 569.0, 333.0, 182.0, 138.0, 89.0, 69.0, 44.0, 30.0, 30.0, 20.0, 16.0, 9.0, 14.0, 6.0, 5.0, 9.0, 4.0, 3.0, 5.0, 4.0, 3.0, 3.0, 1.0, 5.0, 0.0, 0.0, 1.0, 1.0, 1.0, 0.0, 1.0, 0.0, 0.0, 1.0], "bins": [-0.20303292572498322, -0.19622622430324554, -0.18941953778266907, -0.1826128363609314, -0.17580614984035492, -0.16899944841861725, -0.16219274699687958, -0.1553860604763031, -0.14857935905456543, -0.14177265763282776, -0.13496597111225128, -0.1281592696905136, -0.12135257571935654, -0.11454588174819946, -0.10773918777704239, -0.10093249380588531, -0.09412579983472824, -0.08731910586357117, -0.08051241189241409, -0.07370571047067642, -0.06689901649951935, -0.060092322528362274, -0.0532856285572052, -0.04647893086075783, -0.03967224061489105, -0.03286554664373398, -0.026058848947286606, -0.019252154976129532, -0.012445459142327309, -0.005638763774186373, 0.0011679315939545631, 0.007974626496434212, 0.014781326055526733, 0.021588021889328957, 0.02839471772313118, 0.035201411694288254, 0.042008109390735626, 0.0488148033618927, 0.055621497333049774, 0.06242819502949715, 0.06923489272594452, 0.07604158669710159, 0.08284828066825867, 0.08965498208999634, 0.09646167606115341, 0.10326837003231049, 0.11007506400346756, 0.11688175797462463, 0.12368845194578171, 0.13049514591693878, 0.13730184733867645, 0.14410853385925293, 0.1509152352809906, 0.15772192180156708, 0.16452862322330475, 0.17133532464504242, 0.1781420111656189, 0.18494871258735657, 0.19175539910793304, 0.19856210052967072, 0.2053687870502472, 0.21217548847198486, 0.21898218989372253, 0.225788876414299, 0.23259557783603668]}, "gradients/fc1.bias": {"_type": "histogram", "values": [1.0, 0.0, 0.0, 0.0, 1.0, 0.0, 0.0, 0.0, 1.0, 0.0, 0.0, 2.0, 2.0, 0.0, 2.0, 2.0, 1.0, 3.0, 3.0, 4.0, 4.0, 2.0, 2.0, 4.0, 52.0, 6.0, 4.0, 3.0, 2.0, 2.0, 1.0, 2.0, 1.0, 1.0, 1.0, 0.0, 1.0, 0.0, 0.0, 1.0, 1.0, 1.0, 1.0, 2.0, 0.0, 1.0, 0.0, 0.0, 0.0, 0.0, 0.0, 0.0, 1.0, 0.0, 0.0, 0.0, 0.0, 0.0, 1.0, 0.0, 0.0, 0.0, 0.0, 1.0],