{"gradients/fc3.bias": {"_type": "histogram", "values": [1.0, 0.0, 0.0, 0.0, 0.0, 0.0, 0.0, 0.0, 0.0, 0.0, 0.0, 0.0, 0.0, 0.0, 0.0, 0.0, 0.0, 0.0, 0.0, 0.0, 0.0, 0.0, 0.0, 0.0, 0.0, 0.0, 0.0, 0.0, 2.0, 2.0, 4.0, 0.0, 0.0, 0.0, 0.0, 0.0, 0.0, 0.0, 0.0, 0.0, 0.0, 0.0, 0.0, 0.0, 0.0, 0.0, 0.0, 0.0, 0.0, 0.0, 0.0, 0.0, 0.0, 0.0, 0.0, 0.0, 0.0, 0.0, 0.0, 0.0, 0.0, 0.0, 0.0, 1.0], "bins": [-0.06638434529304504, -0.06419359892606735, -0.06200285628437996, -0.059812113642692566, -0.057621367275714874, -0.05543062463402748, -0.05323988199234009, -0.051049135625362396, -0.048858392983675, -0.04666765034198761, -0.04447690397500992, -0.042286161333322525, -0.04009541869163513, -0.03790467232465744, -0.03571392968297005, -0.033523183315992355, -0.03133244067430496, -0.02914169616997242, -0.026950951665639877, -0.024760209023952484, -0.02256946451961994, -0.0203787200152874, -0.018187977373600006, -0.015997232869267464, -0.013806488364934921, -0.011615743860602379, -0.009425000287592411, -0.007234256248921156, -0.005043512210249901, -0.0028527681715786457, -0.0006620241329073906, 0.0015287199057638645, 0.0037194564938545227, 0.005910200532525778, 0.008100944571197033, 0.010291688144207, 0.012482432648539543, 0.014673177152872086, 0.01686391979455948, 0.01905466429889202, 0.021245408803224564, 0.023436153307557106, 0.02562689781188965, 0.02781764045357704, 0.030008384957909584, 0.032199129462242126, 0.03438987210392952, 0.03658061847090721, 0.038771361112594604, 0.040962103754282, 0.04315285012125969, 0.04534359276294708, 0.047534339129924774, 0.04972508177161217, 0.05191582441329956, 0.05410657078027725, 0.056297313421964645, 0.05848805606365204, 0.06067880243062973, 0.06286954879760742, 0.06506028771400452, 0.06725103408098221, 0.0694417804479599, 0.071632519364357, 0.07382326573133469]}, "_timestamp": 1672935958.5518951, "gradients/fc3.weight": {"_type": "histogram", "values": [2.0, 2.0, 1.0, 0.0, 1.0, 0.0, 1.0, 1.0, 0.0, 0.0, 1.0, 0.0, 1.0, 0.0, 2.0, 4.0, 0.0, 1.0, 2.0, 0.0, 2.0, 2.0, 1.0, 2.0, 3.0, 3.0, 0.0, 2.0, 16.0, 37.0, 703.0, 7.0, 8.0, 1.0, 1.0, 3.0, 0.0, 3.0, 3.0, 1.0, 0.0, 2.0, 1.0, 3.0, 0.0, 1.0, 3.0, 3.0, 0.0, 0.0, 0.0, 2.0, 0.0, 0.0, 0.0, 1.0, 1.0, 0.0, 1.0, 1.0, 2.0, 0.0, 0.0, 2.0], "bins": [-0.5266900062561035, -0.5094499588012695, -0.49220991134643555, -0.47496986389160156, -0.4577298164367676, -0.4404897391796112, -0.4232496917247772, -0.40600964426994324, -0.38876959681510925, -0.37152954936027527, -0.3542895019054413, -0.3370494544506073, -0.3198093771934509, -0.30256932973861694, -0.28532928228378296, -0.268089234828949, -0.250849187374115, -0.233609139919281, -0.21636909246444702, -0.19912903010845184, -0.18188898265361786, -0.16464893519878387, -0.1474088728427887, -0.1301688253879547, -0.11292877793312073, -0.09568873047828674, -0.07844867557287216, -0.06120862439274788, -0.043968573212623596, -0.026728522032499313, -0.00948847085237503, 0.007751580327749252, 0.024991631507873535, 0.04223168268799782, 0.0594717338681221, 0.07671178877353668, 0.09395183622837067, 0.11119188368320465, 0.12843194603919983, 0.1456719934940338, 0.1629120409488678, 0.18015208840370178, 0.19739213585853577, 0.21463219821453094, 0.23187224566936493, 0.2491122931241989, 0.2663523554801941, 0.2835924029350281, 0.30083245038986206, 0.31807249784469604, 0.33531254529953003, 0.352552592754364, 0.369792640209198, 0.38703271746635437, 0.40427276492118835, 0.42151281237602234, 0.4387528598308563, 0.4559929072856903, 0.4732329547405243, 0.4904730021953583, 0.5077130794525146, 0.5249531269073486, 0.5421931743621826, 0.5594332218170166, 0.5766732692718506]}, "gradients/fc2.bias": {"_type": "histogram", "values": [1.0, 0.0, 0.0, 0.0, 0.0, 0.0, 0.0, 1.0, 0.0, 0.0, 0.0, 0.0, 0.0, 1.0, 0.0, 1.0, 0.0, 0.0, 2.0, 1.0, 1.0, 0.0, 1.0, 2.0, 1.0, 3.0, 3.0, 0.0, 1.0, 3.0, 6.0, 37.0, 0.0, 0.0, 2.0, 2.0, 1.0, 2.0, 1.0, 1.0, 2.0, 0.0, 0.0, 2.0, 0.0, 0.0, 1.0, 0.0, 0.0, 0.0, 0.0, 1.0, 0.0, 1.0, 0.0, 0.0, 1.0, 0.0, 0.0, 0.0, 1.0, 0.0, 0.0, 1.0], "bins": [-0.018101654946804047, -0.017529943957924843, -0.01695823483169079, -0.016386523842811584, -0.01581481471657753, -0.015243103727698326, -0.014671392738819122, -0.014099682681262493, -0.013527972623705864, -0.012956262566149235, -0.012384552508592606, -0.011812841519713402, -0.011241131462156773, -0.010669421404600143, -0.01009771041572094, -0.00952600035816431, -0.008954290300607681, -0.008382580243051052, -0.007810869719833136, -0.007239159196615219, -0.00666744913905859, -0.006095739081501961, -0.005524028558284044, -0.004952318035066128, -0.004380607977509499, -0.0038088976871222258, -0.003237187396734953, -0.00266547710634768, -0.0020937668159604073, -0.0015220565255731344, -0.0009503462351858616, -0.00037863594479858875, 0.00019307434558868408, 0.0007647846359759569, 0.0013364949263632298, 0.0019082052167505026, 0.0024799155071377754, 0.0030516257975250483, 0.003623336087912321, 0.004195046611130238, 0.004766756668686867, 0.005338466726243496, 0.005910177249461412, 0.006481887772679329, 0.007053597830235958, 0.007625307887792587, 0.008197018876671791, 0.00876872893422842, 0.00934043899178505, 0.009912149049341679, 0.010483859106898308, 0.011055570095777512, 0.01162728015333414, 0.01219899021089077, 0.012770701199769974, 0.013342411257326603, 0.013914121314883232, 0.014485831372439861, 0.01505754142999649, 0.015629252418875694, 0.016200963407754898, 0.016772672533988953, 0.017344383522868156, 0.01791609264910221, 0.018487803637981415]}, "gradients/fc2.weight": {"_type": "histogram", "values": [1.0, 0.0, 0.0, 0.0, 0.0, 0.0, 2.0, 1.0, 0.0, 0.0, 1.0, 0.0, 5.0, 1.0, 3.0, 3.0, 1.0, 7.0, 6.0, 7.0, 7.0, 12.0, 18.0, 14.0, 32.0, 26.0, 47.0, 49.0, 97.0, 119.0, 241.0, 8578.0, 295.0, 132.0, 85.0, 67.0, 47.0, 28.0, 30.0, 14.0, 22.0, 11.0, 8.0, 7.0, 12.0, 2.0, 5.0, 7.0, 4.0, 8.0, 2.0, 3.0, 3.0, 3.0, 0.0, 2.0, 0.0, 3.0, 0.0, 0.0, 0.0, 1.0, 0.0, 1.0], "bins": [-0.24373702704906464, -0.23606014251708984, -0.22838327288627625, -0.22070638835430145, -0.21302950382232666, -0.20535263419151306, -0.19767574965953827, -0.18999888002872467, -0.18232199549674988, -0.17464511096477509, -0.1669682413339615, -0.1592913568019867, -0.1516144871711731, -0.1439376026391983, -0.1362607181072235, -0.1285838484764099, -0.12090696394443512, -0.11323008686304092, -0.10555320978164673, -0.09787632524967194, -0.09019944816827774, -0.08252257108688354, -0.07484568655490875, -0.06716880947351456, -0.05949193239212036, -0.051815055310726166, -0.04413817450404167, -0.03646129369735718, -0.028784416615962982, -0.021107537671923637, -0.013430658727884293, -0.005753779783844948, 0.0019231140613555908, 0.009599993005394936, 0.01727687194943428, 0.024953750893473625, 0.03263062983751297, 0.040307506918907166, 0.04798438772559166, 0.055661268532276154, 0.06333814561367035, 0.07101502269506454, 0.07869189977645874, 0.08636878430843353, 0.09404566138982773, 0.10172253847122192, 0.10939942300319672, 0.11707630008459091, 0.12475317716598511, 0.1324300616979599, 0.1401069313287735, 0.1477838158607483, 0.1554606854915619, 0.16313757002353668, 0.17081445455551147, 0.17849132418632507, 0.18616820871829987, 0.19384509325027466, 0.20152196288108826, 0.20919884741306305, 0.21687573194503784, 0.22455260157585144, 0.23222948610782623, 0.23990635573863983, 0.24758324027061462]}, "gradients/fc1.bias": {"_type": "histogram", "values": [1.0, 0.0, 0.0, 0.0, 0.0, 0.0, 1.0, 0.0, 0.0, 0.0, 0.0, 0.0, 0.0, 1.0, 1.0, 0.0, 0.0, 0.0, 0.0, 2.0, 0.0, 1.0, 1.0, 0.0, 1.0, 0.0, 0.0, 0.0, 2.0, 1.0, 0.0, 2.0, 5.0, 12.0, 66.0, 5.0, 0.0, 0.0, 0.0, 1.0, 2.0, 0.0, 1.0, 0.0, 3.0, 0.0, 2.0, 2.0, 0.0, 1.0, 1.0, 0.0, 0.0, 0.0, 0.0, 0.0, 1.0, 0.0, 2.0, 0.0, 0.0, 0.0, 1.0, 1.0],