{"gradients/fc3.bias": {"_type": "histogram", "values": [1.0, 0.0, 0.0, 0.0, 0.0, 0.0, 0.0, 0.0, 0.0, 0.0, 1.0, 0.0, 1.0, 0.0, 0.0, 0.0, 1.0, 0.0, 0.0, 0.0, 0.0, 0.0, 0.0, 0.0, 0.0, 0.0, 0.0, 0.0, 0.0, 0.0, 0.0, 0.0, 0.0, 0.0, 0.0, 1.0, 0.0, 1.0, 0.0, 0.0, 0.0, 0.0, 0.0, 0.0, 1.0, 0.0, 0.0, 0.0, 0.0, 0.0, 0.0, 0.0, 1.0, 0.0, 0.0, 0.0, 1.0, 0.0, 0.0, 0.0, 0.0, 0.0, 0.0, 1.0], "bins": [-0.018405979499220848, -0.017847754061222076, -0.017289528623223305, -0.016731303185224533, -0.016173075884580612, -0.015614851377904415, -0.015056625008583069, -0.014498399570584297, -0.013940174132585526, -0.013381948694586754, -0.012823723256587982, -0.012265496887266636, -0.011707271449267864, -0.011149046011269093, -0.010590819641947746, -0.010032594203948975, -0.009474368765950203, -0.008916143327951431, -0.00835791788995266, -0.007799691520631313, -0.007241466082632542, -0.00668324064463377, -0.006125014740973711, -0.005566788837313652, -0.00500856339931488, -0.004450337961316109, -0.0038921120576560497, -0.0033338863868266344, -0.002775660715997219, -0.0022174350451678038, -0.0016592093743383884, -0.0011009837035089731, -0.000542759895324707, 1.546577550470829e-05, 0.0005736914463341236, 0.001131917117163539, 0.0016901427879929543, 0.0022483684588223696, 0.002806594129651785, 0.0033648198004812002, 0.0039230454713106155, 0.004481270909309387, 0.005039496812969446, 0.005597722716629505, 0.006155948154628277, 0.0067141735926270485, 0.0072723994962871075, 0.007830625399947166, 0.008388850837945938, 0.00894707627594471, 0.009505301713943481, 0.010063528083264828, 0.0106217535212636, 0.011179978959262371, 0.011738205328583717, 0.012296430766582489, 0.01285465620458126, 0.013412881642580032, 0.013971107080578804, 0.01452933344990015, 0.015087558887898922, 0.015645785257220268, 0.01620401069521904, 0.01676223613321781, 0.017320461571216583]}, "_timestamp": 1672932893.920375, "gradients/fc3.weight": {"_type": "histogram", "values": [1.0, 0.0, 0.0, 0.0, 1.0, 0.0, 1.0, 2.0, 2.0, 0.0, 0.0, 0.0, 3.0, 1.0, 1.0, 3.0, 1.0, 3.0, 2.0, 4.0, 4.0, 6.0, 5.0, 4.0, 3.0, 4.0, 7.0, 12.0, 4.0, 8.0, 11.0, 18.0, 14.0, 25.0, 13.0, 24.0, 317.0, 123.0, 46.0, 25.0, 25.0, 20.0, 8.0, 24.0, 14.0, 10.0, 9.0, 6.0, 2.0, 5.0, 4.0, 2.0, 2.0, 2.0, 1.0, 0.0, 0.0, 1.0, 0.0, 3.0, 0.0, 2.0, 1.0, 1.0], "bins": [-0.15629619359970093, -0.1520145833492279, -0.14773298799991608, -0.14345137774944305, -0.13916976749897003, -0.1348881721496582, -0.13060656189918518, -0.12632495164871216, -0.12204334884881973, -0.11776174604892731, -0.11348013579845428, -0.10919853299856186, -0.10491693019866943, -0.10063531994819641, -0.09635371714830399, -0.09207210689783096, -0.08779050409793854, -0.08350890129804611, -0.07922729104757309, -0.07494568824768066, -0.07066407799720764, -0.06638247519731522, -0.06210087239742279, -0.057819265872240067, -0.05353765934705734, -0.04925605282187462, -0.044974446296691895, -0.04069284349679947, -0.036411236971616745, -0.03212963044643402, -0.027848025783896446, -0.02356642112135887, -0.019284799695014954, -0.015003194101154804, -0.010721588507294655, -0.0064399829134345055, -0.002158377319574356, 0.0021232282742857933, 0.006404833868145943, 0.010686439462006092, 0.014968045055866241, 0.019249651581048965, 0.02353125624358654, 0.027812860906124115, 0.03209446743130684, 0.03637607395648956, 0.04065767675638199, 0.04493928328156471, 0.049220889806747437, 0.05350249633193016, 0.057784102857112885, 0.06206570565700531, 0.06634731590747833, 0.07062891870737076, 0.07491052150726318, 0.0791921317577362, 0.08347373455762863, 0.08775533735752106, 0.09203694760799408, 0.0963185504078865, 0.10060015320777893, 0.10488176345825195, 0.10916336625814438, 0.1134449765086174, 0.11772657930850983]}, "gradients/fc2.bias": {"_type": "histogram", "values": [1.0, 0.0, 0.0, 0.0, 0.0, 1.0, 0.0, 1.0, 0.0, 0.0, 1.0, 0.0, 1.0, 0.0, 2.0, 0.0, 0.0, 1.0, 2.0, 1.0, 1.0, 4.0, 0.0, 0.0, 1.0, 2.0, 1.0, 1.0, 1.0, 2.0, 3.0, 3.0, 1.0, 1.0, 1.0, 0.0, 23.0, 1.0, 3.0, 2.0, 2.0, 2.0, 1.0, 2.0, 1.0, 0.0, 3.0, 1.0, 1.0, 2.0, 0.0, 1.0, 1.0, 0.0, 1.0, 0.0, 1.0, 0.0, 1.0, 0.0, 0.0, 0.0, 0.0, 2.0], "bins": [-0.006905491463840008, -0.0067173270508646965, -0.0065291631035506725, -0.006340998690575361, -0.00615283427760005, -0.005964670330286026, -0.005776505917310715, -0.0055883415043354034, -0.005400177091360092, -0.005212012678384781, -0.005023848731070757, -0.004835684318095446, -0.004647519905120134, -0.00445935595780611, -0.004271191544830799, -0.004083027131855488, -0.003894863184541464, -0.0037066990043967962, -0.003518534591421485, -0.0033303704112768173, -0.003142205998301506, -0.0029540418181568384, -0.002765877638012171, -0.0025777132250368595, -0.0023895492777228355, -0.002201385097578168, -0.0020132206846028566, -0.001825056504458189, -0.0016368922078981996, -0.00144872791133821, -0.0012605637311935425, -0.001072399434633553, -0.0008842344395816326, -0.0006960701430216432, -0.0005079059046693146, -0.00031974163721315563, -0.00013157736975699663, 5.6586897699162364e-05, 0.00024475116515532136, 0.00043291543261148036, 0.000621079932898283, 0.0008092442294582725, 0.000997408526018262, 0.0011855727061629295, 0.001373737002722919, 0.0015619012992829084, 0.001750065479427576, 0.0019382297759875655, 0.0021263938397169113, 0.002314558019861579, 0.0025027224328368902, 0.002690886612981558, 0.002879051025956869, 0.0030672152061015368, 0.0032553793862462044, 0.0034435437992215157, 0.0036317079793661833, 0.003819872159510851, 0.004008036572486162, 0.0041962009854614735, 0.0043843649327754974, 0.004572529345750809, 0.00476069375872612, 0.004948857706040144, 0.005137022119015455]}, "gradients/fc2.weight": {"_type": "histogram", "values": [1.0, 0.0, 0.0, 0.0, 0.0, 1.0, 1.0, 1.0, 3.0, 1.0, 3.0, 1.0, 3.0, 6.0, 1.0, 8.0, 6.0, 13.0, 11.0, 9.0, 19.0, 26.0, 20.0, 30.0, 36.0, 53.0, 62.0, 61.0, 84.0, 122.0, 142.0, 162.0, 234.0, 278.0, 350.0, 6736.0, 441.0, 277.0, 193.0, 155.0, 115.0, 85.0, 70.0, 58.0, 41.0, 33.0, 22.0, 18.0, 20.0, 13.0, 4.0, 8.0, 9.0, 7.0, 3.0, 7.0, 7.0, 1.0, 1.0, 2.0, 2.0, 1.0, 0.0, 3.0], "bins": [-0.06001909449696541, -0.058343555778265, -0.05666801705956459, -0.05499247834086418, -0.05331693962216377, -0.051641400903463364, -0.049965858459472656, -0.04829031974077225, -0.04661478102207184, -0.04493924230337143, -0.04326370358467102, -0.04158816486597061, -0.0399126261472702, -0.038237087428569794, -0.036561544984579086, -0.03488600626587868, -0.03321047127246857, -0.03153493255376816, -0.02985939383506775, -0.02818385325372219, -0.026508314535021782, -0.024832775816321373, -0.023157237097620964, -0.021481698378920555, -0.019806157797574997, -0.018130619078874588, -0.01645508036017418, -0.014779540710151196, -0.013104001060128212, -0.011428462341427803, -0.009752923622727394, -0.00807738397270441, -0.006401844322681427, -0.004726305138319731, -0.003050766186788678, -0.0013752271188423038, 0.00030031194910407066, 0.001975851133465767, 0.0036513900849968195, 0.005326929036527872, 0.007002469152212143, 0.008678007870912552, 0.010353547520935535, 0.012029086239635944, 0.013704625889658928, 0.015380164608359337, 0.017055703327059746, 0.018731242045760155, 0.020406780764460564, 0.022082319483160973, 0.02375785820186138, 0.02543339878320694, 0.02710893750190735, 0.028784476220607758, 0.030460014939308167, 0.032135553658008575, 0.033811092376708984, 0.03548663109540939, 0.0371621698141098, 0.03883770853281021, 0.04051324725151062, 0.04218878597021103, 0.043864328414201736, 0.045539867132902145, 0.047215405851602554]}, "gradients/fc1.bias": {"_type": "histogram", "values": [1.0, 1.0, 0.0, 0.0, 0.0, 0.0, 0.0, 0.0, 3.0, 1.0, 0.0, 2.0, 1.0, 1.0, 2.0, 0.0, 3.0, 3.0, 2.0, 4.0, 2.0, 3.0, 4.0, 2.0, 2.0, 3.0, 4.0, 57.0, 2.0, 1.0, 0.0, 1.0, 2.0, 1.0, 4.0, 0.0, 1.0, 0.0, 0.0, 0.0, 1.0, 0.0, 1.0, 0.0, 0.0, 0.0, 1.0, 0.0, 1.0, 1.0, 0.0, 0.0, 0.0, 0.0, 1.0, 0.0, 0.0, 0.0, 0.0, 0.0, 0.0, 0.0, 0.0, 1.0],