{"gradients/fc3.bias": {"_type": "histogram", "values": [1.0, 0.0, 0.0, 0.0, 0.0, 1.0, 0.0, 1.0, 0.0, 0.0, 0.0, 0.0, 0.0, 0.0, 0.0, 0.0, 0.0, 0.0, 0.0, 0.0, 0.0, 0.0, 0.0, 0.0, 0.0, 0.0, 0.0, 2.0, 0.0, 1.0, 1.0, 1.0, 0.0, 0.0, 0.0, 0.0, 0.0, 0.0, 0.0, 0.0, 0.0, 0.0, 0.0, 0.0, 0.0, 0.0, 0.0, 0.0, 1.0, 0.0, 0.0, 0.0, 0.0, 0.0, 0.0, 0.0, 0.0, 0.0, 0.0, 0.0, 0.0, 0.0, 0.0, 1.0], "bins": [-0.018980251625180244, -0.01828247494995594, -0.017584698274731636, -0.016886921599507332, -0.016189144924283028, -0.015491369180381298, -0.014793592505156994, -0.01409581582993269, -0.013398039154708385, -0.012700262479484081, -0.012002485804259777, -0.011304709129035473, -0.010606933385133743, -0.009909156709909439, -0.009211380034685135, -0.00851360335946083, -0.007815826684236526, -0.007118050009012222, -0.006420273333787918, -0.005722497124224901, -0.005024720449000597, -0.004326943773776293, -0.0036291673313826323, -0.0029313908889889717, -0.002233615145087242, -0.0015358385862782598, -0.0008380620274692774, -0.000140285468660295, 0.0005574910901486874, 0.0012552676489576697, 0.001953044207766652, 0.0026508206501603127, 0.0033485982567071915, 0.004046374931931496, 0.0047441516071558, 0.005441927816718817, 0.006139704491943121, 0.006837481167167425, 0.007535257376730442, 0.008233034051954746, 0.008930811658501625, 0.00962858833372593, 0.010326365008950233, 0.011024141684174538, 0.011721918359398842, 0.012419694103300571, 0.013117470778524876, 0.01381524745374918, 0.01451302319765091, 0.015210799872875214, 0.015908576548099518, 0.016606353223323822, 0.017304129898548126, 0.01800190657377243, 0.018699683248996735, 0.01939745992422104, 0.020095236599445343, 0.020793013274669647, 0.02149078994989395, 0.022188566625118256, 0.02288634330034256, 0.023584119975566864, 0.024281896650791168, 0.024979673326015472, 0.025677448138594627]}, "_timestamp": 1672934789.212704, "gradients/fc3.weight": {"_type": "histogram", "values": [1.0, 0.0, 1.0, 0.0, 0.0, 0.0, 1.0, 2.0, 1.0, 1.0, 0.0, 1.0, 1.0, 5.0, 3.0, 2.0, 4.0, 6.0, 0.0, 2.0, 6.0, 4.0, 1.0, 6.0, 2.0, 7.0, 8.0, 10.0, 8.0, 7.0, 12.0, 408.0, 184.0, 51.0, 15.0, 11.0, 8.0, 11.0, 5.0, 6.0, 5.0, 8.0, 3.0, 0.0, 6.0, 2.0, 1.0, 4.0, 2.0, 1.0, 2.0, 1.0, 1.0, 0.0, 1.0, 0.0, 1.0, 0.0, 0.0, 0.0, 0.0, 0.0, 0.0, 1.0], "bins": [-0.16703279316425323, -0.1617916226387024, -0.15655043721199036, -0.15130926668643951, -0.14606809616088867, -0.14082692563533783, -0.135585755109787, -0.13034456968307495, -0.1251033991575241, -0.11986222863197327, -0.11462105065584183, -0.10937987267971039, -0.10413870215415955, -0.0988975316286087, -0.09365635365247726, -0.08841517567634583, -0.08317400515079498, -0.07793283462524414, -0.0726916566491127, -0.06745047867298126, -0.06220930814743042, -0.05696813389658928, -0.05172695964574814, -0.046485785394907, -0.04124461114406586, -0.036003436893224716, -0.030762262642383575, -0.025521088391542435, -0.020279914140701294, -0.015038739889860153, -0.009797565639019012, -0.004556391388177872, 0.0006847679615020752, 0.005925942212343216, 0.011167116463184357, 0.016408290714025497, 0.021649464964866638, 0.02689063921570778, 0.03213181346654892, 0.03737298771739006, 0.0426141619682312, 0.04785533621907234, 0.05309651046991348, 0.05833768472075462, 0.06357885897159576, 0.0688200294971466, 0.07406120747327805, 0.07930238544940948, 0.08454355597496033, 0.08978472650051117, 0.09502590447664261, 0.10026708245277405, 0.10550825297832489, 0.11074942350387573, 0.11599060148000717, 0.12123177945613861, 0.12647294998168945, 0.1317141205072403, 0.13695529103279114, 0.14219647645950317, 0.14743764698505402, 0.15267881751060486, 0.1579200029373169, 0.16316117346286774, 0.16840234398841858]}, "gradients/fc2.bias": {"_type": "histogram", "values": [1.0, 1.0, 0.0, 0.0, 0.0, 0.0, 0.0, 0.0, 0.0, 0.0, 1.0, 1.0, 0.0, 3.0, 0.0, 1.0, 2.0, 0.0, 3.0, 3.0, 0.0, 1.0, 3.0, 3.0, 0.0, 3.0, 0.0, 1.0, 2.0, 0.0, 4.0, 24.0, 4.0, 1.0, 2.0, 2.0, 1.0, 2.0, 0.0, 0.0, 1.0, 0.0, 3.0, 1.0, 1.0, 1.0, 1.0, 0.0, 0.0, 0.0, 0.0, 1.0, 2.0, 1.0, 1.0, 1.0, 0.0, 0.0, 0.0, 0.0, 0.0, 0.0, 0.0, 1.0], "bins": [-0.008053412660956383, -0.007798167411237955, -0.0075429221615195274, -0.0072876769118011, -0.007032431662082672, -0.006777185946702957, -0.0065219406969845295, -0.006266695447266102, -0.006011450197547674, -0.0057562049478292465, -0.005500959698110819, -0.005245714448392391, -0.004990468733012676, -0.004735223483294249, -0.004479978233575821, -0.004224732983857393, -0.003969487734138966, -0.003714242484420538, -0.0034589972347021103, -0.003203751752153039, -0.0029485065024346113, -0.0026932612527161837, -0.0024380157701671124, -0.0021827705204486847, -0.001927525270730257, -0.0016722800210118294, -0.0014170346548780799, -0.0011617892887443304, -0.0009065440390259027, -0.0006512987310998142, -0.0003960534231737256, -0.00014080811524763703, 0.00011443812400102615, 0.0003696834319271147, 0.0006249287398532033, 0.0008801740477792919, 0.0011354193557053804, 0.001390664605423808, 0.0016459099715575576, 0.001901155337691307, 0.0021564005874097347, 0.0024116458371281624, 0.00266689108684659, 0.0029221365693956614, 0.003177381819114089, 0.0034326270688325167, 0.003687872551381588, 0.003943117801100016, 0.004198363050818443, 0.004453608300536871, 0.004708853550255299, 0.004964098799973726, 0.005219344049692154, 0.005474589765071869, 0.0057298350147902966, 0.005985080264508724, 0.006240325514227152, 0.0064955707639455795, 0.006750816013664007, 0.007006061263382435, 0.00726130697876215, 0.0075165522284805775, 0.007771797478199005, 0.008027042262256145, 0.00828228797763586]}, "gradients/fc2.weight": {"_type": "histogram", "values": [1.0, 1.0, 0.0, 0.0, 0.0, 1.0, 4.0, 1.0, 2.0, 0.0, 0.0, 0.0, 0.0, 2.0, 3.0, 5.0, 7.0, 10.0, 18.0, 19.0, 36.0, 42.0, 38.0, 55.0, 79.0, 88.0, 109.0, 114.0, 141.0, 205.0, 283.0, 7335.0, 490.0, 221.0, 170.0, 119.0, 94.0, 77.0, 69.0, 55.0, 39.0, 31.0, 22.0, 18.0, 23.0, 8.0, 6.0, 9.0, 11.0, 6.0, 3.0, 1.0, 1.0, 1.0, 1.0, 3.0, 1.0, 1.0, 0.0, 0.0, 0.0, 0.0, 0.0, 1.0], "bins": [-0.0699448361992836, -0.06775374710559845, -0.0655626654624939, -0.06337157636880875, -0.061180491000413895, -0.05898940563201904, -0.05679832026362419, -0.05460723489522934, -0.05241614580154419, -0.05022506043314934, -0.048033975064754486, -0.045842885971069336, -0.043651800602674484, -0.04146071523427963, -0.03926962986588478, -0.03707854449748993, -0.03488745912909508, -0.032696373760700226, -0.030505286529660225, -0.028314201161265373, -0.026123113930225372, -0.02393202856183052, -0.02174094319343567, -0.019549855962395668, -0.017358772456645966, -0.01516768615692854, -0.012976599857211113, -0.010785514488816261, -0.008594428189098835, -0.006403341889381409, -0.00421225605532527, -0.002021169988438487, 0.00016991794109344482, 0.0023610040079802275, 0.00455209007486701, 0.006743175908923149, 0.008934262208640575, 0.011125348508358002, 0.013316433876752853, 0.01550752017647028, 0.017698608338832855, 0.019889693707227707, 0.022080780938267708, 0.02427186630666256, 0.02646295353770256, 0.028654038906097412, 0.030845124274492264, 0.033036209642887115, 0.03522729501128197, 0.03741838037967682, 0.03960946574807167, 0.04180055484175682, 0.04399164021015167, 0.046182725578546524, 0.048373810946941376, 0.05056489631533623, 0.05275598168373108, 0.05494706705212593, 0.05713815242052078, 0.05932924151420593, 0.061520326882600784, 0.06371141225099564, 0.06590250134468079, 0.06809358298778534, 0.07028467208147049]}, "gradients/fc1.bias": {"_type": "histogram", "values": [1.0, 0.0, 0.0, 0.0, 0.0, 0.0, 0.0, 1.0, 0.0, 0.0, 0.0, 0.0, 0.0, 1.0, 3.0, 0.0, 0.0, 2.0, 1.0, 0.0, 1.0, 0.0, 1.0, 0.0, 1.0, 1.0, 2.0, 1.0, 1.0, 1.0, 1.0, 2.0, 1.0, 2.0, 2.0, 1.0, 2.0, 5.0, 59.0, 2.0, 0.0, 4.0, 0.0, 1.0, 4.0, 1.0, 1.0, 0.0, 3.0, 3.0, 1.0, 2.0, 0.0, 1.0, 0.0, 0.0, 1.0, 0.0, 0.0, 1.0, 1.0, 0.0, 0.0, 1.0],