{"gradients/fc3.bias": {"_type": "histogram", "values": [1.0, 0.0, 0.0, 0.0, 0.0, 0.0, 0.0, 0.0, 0.0, 0.0, 0.0, 0.0, 0.0, 0.0, 0.0, 0.0, 0.0, 0.0, 0.0, 1.0, 0.0, 0.0, 0.0, 0.0, 0.0, 0.0, 0.0, 0.0, 0.0, 0.0, 1.0, 1.0, 2.0, 1.0, 1.0, 0.0, 0.0, 0.0, 0.0, 0.0, 0.0, 0.0, 0.0, 0.0, 0.0, 0.0, 0.0, 0.0, 1.0, 0.0, 0.0, 0.0, 0.0, 0.0, 0.0, 0.0, 0.0, 0.0, 0.0, 0.0, 0.0, 0.0, 0.0, 1.0], "bins": [-5.139793870512221e-07, -4.982842369827267e-07, -4.825891437576502e-07, -4.6689399368915474e-07, -4.511988436206593e-07, -4.355037219738733e-07, -4.1980860032708733e-07, -4.041134502585919e-07, -3.884183286118059e-07, -3.727232069650199e-07, -3.570280568965245e-07, -3.413329352497385e-07, -3.256378136029525e-07, -3.099426635344571e-07, -2.942475418876711e-07, -2.785523918191757e-07, -2.628572701723897e-07, -2.471621485256037e-07, -2.3146699845710828e-07, -2.1577187681032228e-07, -2.0007674095268158e-07, -1.8438160509504087e-07, -1.6868648344825488e-07, -1.5299134759061417e-07, -1.3729621173297346e-07, -1.2160107587533275e-07, -1.059059471231194e-07, -9.021081837090605e-08, -7.451568251326535e-08, -5.882055020833832e-08, -4.312541790341129e-08, -2.743028559848426e-08, -1.1735153293557232e-08, 3.959979011369796e-09, 1.9655111316296825e-08, 3.5350243621223854e-08, 5.104537592615088e-08, 6.674051178379159e-08, 8.243564053600494e-08, 9.813076928821829e-08, 1.13825905145859e-07, 1.295210410034997e-07, 1.452161768611404e-07, 1.609112985079264e-07, 1.766064343655671e-07, 1.9230157022320782e-07, 2.079966918699938e-07, 2.2369182772763452e-07, 2.393869635852752e-07, 2.550820852320612e-07, 2.7077723530055664e-07, 2.8647235694734263e-07, 3.0216750701583805e-07, 3.1786262866262405e-07, 3.3355775030941004e-07, 3.4925290037790546e-07, 3.6494802202469145e-07, 3.8064314367147745e-07, 3.9633829373997287e-07, 4.1203341538675886e-07, 4.2772853703354485e-07, 4.434236871020403e-07, 4.5911880874882627e-07, 4.748139588173217e-07, 4.905090804641077e-07]}, "_timestamp": 1672933008.9420958, "gradients/fc3.weight": {"_type": "histogram", "values": [1.0, 0.0, 0.0, 0.0, 0.0, 1.0, 1.0, 0.0, 1.0, 0.0, 0.0, 1.0, 1.0, 1.0, 1.0, 3.0, 1.0, 2.0, 0.0, 1.0, 1.0, 1.0, 3.0, 3.0, 3.0, 0.0, 6.0, 2.0, 3.0, 4.0, 12.0, 12.0, 654.0, 72.0, 6.0, 4.0, 2.0, 2.0, 6.0, 2.0, 2.0, 2.0, 4.0, 0.0, 1.0, 3.0, 0.0, 3.0, 2.0, 2.0, 2.0, 0.0, 2.0, 0.0, 0.0, 1.0, 0.0, 1.0, 1.0, 0.0, 0.0, 0.0, 0.0, 1.0], "bins": [-5.704058821720537e-06, -5.530023827304831e-06, -5.355988832889125e-06, -5.18195429322077e-06, -5.007919298805064e-06, -4.8338843043893576e-06, -4.6598493099736515e-06, -4.4858143155579455e-06, -4.31177977588959e-06, -4.137744781473884e-06, -3.963709787058178e-06, -3.7896750200161478e-06, -3.615640252974117e-06, -3.441605258558411e-06, -3.267570264142705e-06, -3.0935354971006745e-06, -2.919500275311293e-06, -2.745465280895587e-06, -2.5714305138535565e-06, -2.3973955194378505e-06, -2.22336075239582e-06, -2.049325757980114e-06, -1.8752907635644078e-06, -1.7012558828355395e-06, -1.5272207747329958e-06, -1.3531858940041275e-06, -1.1791510132752592e-06, -1.0051160188595532e-06, -8.310811381306848e-07, -6.570462574018165e-07, -4.830113198295294e-07, -3.0897641067895165e-07, -1.3494218364940025e-07, 3.909272550117748e-08, 2.1312763465175522e-07, 3.8716254380233295e-07, 5.611974529529107e-07, 7.35232333681779e-07, 9.092672712540661e-07, 1.0833022088263533e-06, 1.2573368621815462e-06, 1.4313717429104145e-06, 1.6054066236392828e-06, 1.7794416180549888e-06, 1.9534763850970194e-06, 2.1275113795127254e-06, 2.3015463739284314e-06, 2.475581140970462e-06, 2.6496163627598435e-06, 2.8236513571755495e-06, 2.99768612421758e-06, 3.171721118633286e-06, 3.3457558856753167e-06, 3.5197908800910227e-06, 3.6938258745067287e-06, 3.867860868922435e-06, 4.04189540859079e-06, 4.215930403006496e-06, 4.389965397422202e-06, 4.563999937090557e-06, 4.738034931506263e-06, 4.912069925921969e-06, 5.086104920337675e-06, 5.260139914753381e-06, 5.434174909169087e-06]}, "gradients/fc2.bias": {"_type": "histogram", "values": [1.0, 0.0, 0.0, 0.0, 0.0, 0.0, 2.0, 0.0, 0.0, 0.0, 0.0, 0.0, 2.0, 0.0, 0.0, 2.0, 1.0, 1.0, 0.0, 0.0, 0.0, 1.0, 0.0, 1.0, 1.0, 1.0, 1.0, 0.0, 0.0, 1.0, 1.0, 1.0, 0.0, 0.0, 0.0, 0.0, 2.0, 2.0, 2.0, 0.0, 1.0, 0.0, 0.0, 2.0, 1.0, 2.0, 2.0, 8.0, 8.0, 24.0, 2.0, 2.0, 2.0, 0.0, 3.0, 0.0, 0.0, 0.0, 1.0, 0.0, 0.0, 0.0, 2.0, 1.0], "bins": [-1.5898854144325014e-07, -1.5576154055452207e-07, -1.5253455387664872e-07, -1.4930755298792064e-07, -1.4608055209919257e-07, -1.4285356542131922e-07, -1.3962656453259115e-07, -1.363995778547178e-07, -1.3317257696598972e-07, -1.2994557607726165e-07, -1.267185893993883e-07, -1.2349158851066022e-07, -1.2026458762193215e-07, -1.170376009440588e-07, -1.1381060005533072e-07, -1.1058360627203001e-07, -1.073566124887293e-07, -1.0412961870542858e-07, -1.0090261781670051e-07, -9.76756240333998e-08, -9.444863025009909e-08, -9.122163646679837e-08, -8.79946355780703e-08, -8.476764179476959e-08, -8.154064090604152e-08, -7.83136471227408e-08, -7.508664623401273e-08, -7.185965245071202e-08, -6.86326586674113e-08, -6.540566488411059e-08, -6.217866399538252e-08, -5.895167021208181e-08, -5.5724676428781095e-08, -5.24976790927667e-08, -4.927068530946599e-08, -4.60436879734516e-08, -4.2816694190150884e-08, -3.958969685413649e-08, -3.636270307083578e-08, -3.3135705734821386e-08, -2.990871195152067e-08, -2.668171639186312e-08, -2.3454720832205567e-08, -2.0227725272548014e-08, -1.700072971289046e-08, -1.3773733265054489e-08, -1.0546736817218516e-08, -7.319741257560963e-09, -4.092743921546571e-09, -8.657481398444133e-10, 2.3612476418577444e-09, 5.588243645604507e-09, 8.81523920526206e-09, 1.2042234764919613e-08, 1.5269231212755585e-08, 1.8496226772413138e-08, 2.172322233207069e-08, 2.4950217891728244e-08, 2.8177213451385796e-08, 3.140420901104335e-08, 3.463120634705774e-08, 3.7858200130358455e-08, 4.108519746637285e-08, 4.431219124967356e-08, 4.753918858568795e-08]}, "gradients/fc2.weight": {"_type": "histogram", "values": [1.0, 0.0, 0.0, 0.0, 0.0, 0.0, 0.0, 1.0, 0.0, 0.0, 1.0, 1.0, 1.0, 3.0, 0.0, 0.0, 2.0, 1.0, 6.0, 0.0, 4.0, 2.0, 3.0, 9.0, 2.0, 5.0, 8.0, 5.0, 5.0, 2.0, 12.0, 7.0, 7.0, 13.0, 11.0, 7.0, 22.0, 9.0, 12.0, 16.0, 13.0, 18.0, 24.0, 37.0, 28.0, 37.0, 68.0, 114.0, 286.0, 9047.0, 101.0, 40.0, 38.0, 7.0, 8.0, 8.0, 8.0, 6.0, 1.0, 8.0, 2.0, 0.0, 2.0, 1.0], "bins": [-2.1573321191681316e-06, -2.1137336716492428e-06, -2.070135224130354e-06, -2.026536776611465e-06, -1.9829381017189007e-06, -1.939339654200012e-06, -1.895741206681123e-06, -1.8521427591622341e-06, -1.8085443116433453e-06, -1.7649458641244564e-06, -1.7213473029187298e-06, -1.677748855399841e-06, -1.6341504078809521e-06, -1.5905518466752255e-06, -1.5469533991563367e-06, -1.5033549516374478e-06, -1.4597563904317212e-06, -1.4161579429128324e-06, -1.3725593817071058e-06, -1.328960934188217e-06, -1.285362486669328e-06, -1.2417639254636015e-06, -1.1981654779447126e-06, -1.1545670304258238e-06, -1.1109684692200972e-06, -1.0673700217012083e-06, -1.0237714604954817e-06, -9.801730129765929e-07, -9.36574565457704e-07, -8.929760610953963e-07, -8.493775567330886e-07, -8.057791092141997e-07, -7.621807753821486e-07, -7.185822710198408e-07, -6.74983823500952e-07, -6.313853191386443e-07, -5.877868716197554e-07, -5.441883672574477e-07, -5.0058986289514e-07, -4.5699138695454167e-07, -4.1339296785736224e-07, -3.6979449191676395e-07, -3.2619601597616565e-07, -2.8259751161385793e-07, -2.3899903567325964e-07, -1.9540055973266135e-07, -1.5180206958120834e-07, -1.082035865351827e-07, -6.460504664573818e-08, -2.1006563599712536e-08, 2.2591919446313113e-08, 6.619040249233876e-08, 1.0978888553836441e-07, 1.533873614789627e-07, 1.969858516304157e-07, 2.405843417818687e-07, 2.84182817722467e-07, 3.277812936630653e-07, 3.713797696036636e-07, 4.149782739659713e-07, 4.585767499065696e-07, 5.021752258471679e-07, 5.457737302094756e-07, 5.893721777283645e-07, 6.329706820906722e-07]}, "gradients/fc1.bias": {"_type": "histogram",