{"start_message": "Training day and night", "_timestamp": 1672932600.640618, "_runtime": 89.51329708099365, "_step": 10, "gradients/fc3.bias": {"_type": "histogram", "values": [1.0, 0.0, 0.0, 0.0, 0.0, 0.0, 0.0, 0.0, 0.0, 0.0, 0.0, 0.0, 0.0, 0.0, 0.0, 0.0, 0.0, 0.0, 0.0, 0.0, 0.0, 0.0, 0.0, 0.0, 0.0, 0.0, 0.0, 0.0, 0.0, 1.0, 0.0, 1.0, 5.0, 1.0, 0.0, 0.0, 0.0, 0.0, 0.0, 0.0, 0.0, 0.0, 0.0, 0.0, 0.0, 0.0, 0.0, 0.0, 0.0, 0.0, 0.0, 0.0, 0.0, 0.0, 0.0, 0.0, 0.0, 0.0, 0.0, 0.0, 0.0, 0.0, 0.0, 1.0], "bins": [-0.003265214618295431, -0.0031635595951229334, -0.0030619045719504356, -0.002960249548777938, -0.00285859452560544, -0.0027569392696022987, -0.002655284246429801, -0.0025536292232573032, -0.0024519742000848055, -0.0023503191769123077, -0.00224866415373981, -0.0021470091305673122, -0.002045353874564171, -0.001943698967806995, -0.0018420438282191753, -0.0017403888050466776, -0.0016387337818741798, -0.001537078758701682, -0.0014354237355291843, -0.0013337685959413648, -0.001232113572768867, -0.0011304585495963693, -0.0010288034100085497, -0.0009271483868360519, -0.0008254933636635542, -0.0007238383404910564, -0.0006221832591108978, -0.0005205281777307391, -0.00041887315455824137, -0.00031721810228191316, -0.00021556305000558496, -0.00011390799772925675, -1.225271262228489e-05, 8.940233965404332e-05, 0.00019105739193037152, 0.00029271244420669973, 0.00039436749648302794, 0.0004960225196555257, 0.0005976776010356843, 0.000699332682415843, 0.0008009877055883408, 0.0009026427287608385, 0.0010042977519333363, 0.0011059528915211558, 0.0012076079146936536, 0.0013092629378661513, 0.001410918077453971, 0.0015125731006264687, 0.0016142281237989664, 0.0017158831469714642, 0.001817538170143962, 0.0019191933097317815, 0.002020848449319601, 0.002122503472492099, 0.0022241584956645966, 0.0023258135188370943, 0.002427468542009592, 0.00252912356518209, 0.0026307785883545876, 0.0027324336115270853, 0.002834088634699583, 0.0029357438907027245, 0.003037398913875222, 0.00313905393704772, 0.0032407089602202177]}, "gradients/fc3.weight": {"_type": "histogram", "values": [1.0, 1.0, 0.0, 0.0, 1.0, 0.0, 0.0, 0.0, 0.0, 1.0, 1.0, 0.0, 0.0, 0.0, 1.0, 0.0, 1.0, 2.0, 1.0, 1.0, 2.0, 2.0, 1.0, 2.0, 3.0, 3.0, 2.0, 1.0, 1.0, 4.0, 8.0, 9.0, 742.0, 19.0, 2.0, 0.0, 2.0, 0.0, 2.0, 5.0, 2.0, 1.0, 2.0, 1.0, 2.0, 2.0, 2.0, 1.0, 0.0, 0.0, 1.0, 0.0, 0.0, 1.0, 1.0, 0.0, 0.0, 0.0, 0.0, 1.0, 0.0, 0.0, 1.0, 1.0], "bins": [-0.022138651460409164, -0.021454179659485817, -0.02076970785856247, -0.020085236057639122, -0.019400764256715775, -0.018716292455792427, -0.01803182065486908, -0.017347348853945732, -0.016662877053022385, -0.015978405252099037, -0.01529393345117569, -0.014609461650252342, -0.013924989849328995, -0.013240517117083073, -0.012556045316159725, -0.011871573515236378, -0.011187100782990456, -0.010502628982067108, -0.00981815718114376, -0.009133685380220413, -0.008449213579297066, -0.007764741312712431, -0.007080269046127796, -0.006395797245204449, -0.005711324512958527, -0.005026852712035179, -0.004342380911111832, -0.003657908644527197, -0.0029734368436038494, -0.002288965042680502, -0.0016044930089265108, -0.0009200210915878415, -0.00023555196821689606, 0.00044891994912177324, 0.0011333918664604425, 0.0018178637837991118, 0.002502335701137781, 0.0031868075020611286, 0.0038712795358151197, 0.004555751569569111, 0.005240222439169884, 0.005924694240093231, 0.006609166041016579, 0.0072936383076012135, 0.007978109642863274, 0.008662582375109196, 0.009347054176032543, 0.01003152597695589, 0.010715998709201813, 0.01140047051012516, 0.012084942311048508, 0.012769414111971855, 0.013453885912895203, 0.014138358645141125, 0.014822830446064472, 0.01550730224698782, 0.016191773116588593, 0.01687624491751194, 0.017560716718435287, 0.018245188519358635, 0.018929660320281982, 0.01961413212120533, 0.020298603922128677, 0.020983075723052025, 0.02166754938662052]}, "gradients/fc2.bias": {"_type": "histogram", "values": [1.0, 0.0, 0.0, 0.0, 0.0, 0.0, 0.0, 0.0, 0.0, 0.0, 0.0, 1.0, 0.0, 1.0, 0.0, 1.0, 1.0, 0.0, 2.0, 0.0, 1.0, 2.0, 2.0, 2.0, 0.0, 1.0, 1.0, 0.0, 1.0, 2.0, 5.0, 48.0, 5.0, 0.0, 0.0, 0.0, 0.0, 1.0, 0.0, 0.0, 0.0, 0.0, 0.0, 0.0, 0.0, 1.0, 1.0, 0.0, 2.0, 0.0, 0.0, 1.0, 0.0, 0.0, 0.0, 0.0, 0.0, 0.0, 0.0, 0.0, 0.0, 0.0, 0.0, 1.0], "bins": [-0.0013568777358159423, -0.0013137911446392536, -0.001270704553462565, -0.0012276179622858763, -0.0011845314875245094, -0.0011414448963478208, -0.001098358305171132, -0.0010552717139944434, -0.0010121851228177547, -0.0009690985316410661, -0.0009260119404643774, -0.0008829254074953496, -0.000839838816318661, -0.0007967522251419723, -0.0007536656921729445, -0.0007105791009962559, -0.0006674925098195672, -0.0006244059186428785, -0.0005813193274661899, -0.0005382327944971621, -0.0004951462033204734, -0.00045205961214378476, -0.00040897305007092655, -0.00036588648799806833, -0.00032279989682137966, -0.000279713305644691, -0.00023662674357183278, -0.00019354016694705933, -0.0001504535903222859, -0.00010736701369751245, -6.4280437072739e-05, -2.1193860447965562e-05, 2.189271617680788e-05, 6.497929280158132e-05, 0.00010806586942635477, 0.0001511524460511282, 0.00019423902267590165, 0.0002373255993006751, 0.00028041217592544854, 0.00032349873799830675, 0.0003665853291749954, 0.0004096719203516841, 0.0004527584824245423, 0.0004958450444974005, 0.0005389316356740892, 0.0005820182268507779, 0.0006251047598198056, 0.0006681913509964943, 0.000711277942173183, 0.0007543645333498716, 0.0007974511245265603, 0.0008405376574955881, 0.0008836242486722767, 0.0009267108398489654, 0.0009697973728179932, 0.0010128839639946818, 0.0010559705551713705, 0.0010990571463480592, 0.0011421437375247478, 0.0011852303287014365, 0.0012283169198781252, 0.001271403394639492, 0.0013144899858161807, 0.0013575765769928694, 0.001400663168169558]}, "gradients/fc2.weight": {"_type": "histogram", "values": [1.0, 0.0, 0.0, 0.0, 0.0, 0.0, 1.0, 0.0, 0.0, 0.0, 0.0, 1.0, 2.0, 2.0, 1.0, 3.0, 1.0, 2.0, 3.0, 3.0, 6.0, 10.0, 11.0, 12.0, 9.0, 15.0, 23.0, 21.0, 33.0, 82.0, 447.0, 9261.0, 40.0, 24.0, 9.0, 8.0, 5.0, 1.0, 6.0, 4.0, 7.0, 6.0, 2.0, 3.0, 3.0, 0.0, 2.0, 1.0, 2.0, 1.0, 2.0, 2.0, 0.0, 0.0, 0.0, 0.0, 0.0, 1.0, 0.0, 0.0, 0.0, 0.0, 0.0, 1.0], "bins": [-0.015385839156806469, -0.014890867285430431, -0.014395896345376968, -0.01390092447400093, -0.013405952602624893, -0.012910980731248856, -0.012416008859872818, -0.011921037919819355, -0.011426066048443317, -0.01093109417706728, -0.010436123237013817, -0.00994115136563778, -0.009446179494261742, -0.008951207622885704, -0.008456235751509666, -0.007961264811456203, -0.007466292940080166, -0.006971321068704128, -0.006476349662989378, -0.005981378257274628, -0.00548640638589859, -0.0049914345145225525, -0.004496463108807802, -0.004001491703093052, -0.0035065198317170143, -0.0030115481931716204, -0.0025165765546262264, -0.0020216049160808325, -0.0015266332775354385, -0.0010316616389900446, -0.0005366900004446507, -4.1718361899256706e-05, 0.0004532523453235626, 0.0009482239838689566, 0.0014431956224143505, 0.0019381672609597445, 0.0024331388995051384, 0.0029281105380505323, 0.0034230821765959263, 0.003918053582310677, 0.004413025453686714, 0.004907997325062752, 0.005402968730777502, 0.005897940136492252, 0.00639291200786829, 0.0068878838792443275, 0.007382855284959078, 0.007877826690673828, 0.008372798562049866, 0.008867770433425903, 0.009362742304801941, 0.009857713244855404, 0.010352685116231441, 0.010847656987607479, 0.011342627927660942, 0.01183759979903698, 0.012332571670413017, 0.012827543541789055, 0.013322515413165092, 0.013817486353218555, 0.014312458224594593, 0.01480743009597063, 0.015302401036024094, 0.01579737290740013, 0.01629234477877617]}, "gradients/fc1.bias": {"_type": "histogram",