{"gradients/fc3.bias": {"_type": "histogram", "values": [1.0, 0.0, 0.0, 0.0, 0.0, 0.0, 0.0, 0.0, 0.0, 0.0, 0.0, 0.0, 0.0, 0.0, 1.0, 0.0, 0.0, 0.0, 1.0, 0.0, 0.0, 0.0, 0.0, 0.0, 0.0, 0.0, 0.0, 0.0, 0.0, 0.0, 0.0, 1.0, 0.0, 1.0, 0.0, 1.0, 1.0, 0.0, 0.0, 0.0, 1.0, 0.0, 0.0, 0.0, 0.0, 0.0, 0.0, 0.0, 0.0, 0.0, 0.0, 0.0, 0.0, 0.0, 0.0, 1.0, 0.0, 0.0, 0.0, 0.0, 0.0, 0.0, 0.0, 1.0], "bins": [-0.015413886867463589, -0.014946629293262959, -0.014479370787739754, -0.014012113213539124, -0.013544855639338493, -0.013077598065137863, -0.012610340490937233, -0.012143081985414028, -0.011675824411213398, -0.011208566837012768, -0.010741308331489563, -0.010274050757288933, -0.009806793183088303, -0.009339535608887672, -0.008872278034687042, -0.008405019529163837, -0.007937761954963207, -0.007470504380762577, -0.0070032463409006596, -0.006535988301038742, -0.006068730726838112, -0.005601473152637482, -0.005134215112775564, -0.004666957072913647, -0.0041996994987130165, -0.0037324416916817427, -0.003265183884650469, -0.002797926077619195, -0.002330668270587921, -0.0018634104635566473, -0.0013961526565253735, -0.0009288948494940996, -0.0004616379737854004, 5.619833245873451e-06, 0.0004728776402771473, 0.0009401354473084211, 0.001407393254339695, 0.0018746510613709688, 0.0023419088684022427, 0.0028091666754335165, 0.0032764244824647903, 0.003743682289496064, 0.004210940096527338, 0.0046781981363892555, 0.005145455710589886, 0.005612713284790516, 0.006079971324652433, 0.006547229364514351, 0.007014486938714981, 0.007481744512915611, 0.007949002087116241, 0.008416260592639446, 0.008883518166840076, 0.009350775741040707, 0.009818034246563911, 0.010285291820764542, 0.010752549394965172, 0.011219806969165802, 0.011687064543366432, 0.012154323048889637, 0.012621580623090267, 0.013088838197290897, 0.013556096702814102, 0.014023354277014732, 0.014490611851215363]}, "_timestamp": 1672935243.172478, "gradients/fc3.weight": {"_type": "histogram", "values": [1.0, 0.0, 1.0, 2.0, 3.0, 4.0, 0.0, 4.0, 0.0, 0.0, 3.0, 2.0, 7.0, 4.0, 3.0, 1.0, 3.0, 2.0, 4.0, 8.0, 7.0, 6.0, 7.0, 7.0, 7.0, 4.0, 10.0, 10.0, 9.0, 16.0, 48.0, 440.0, 74.0, 39.0, 17.0, 12.0, 6.0, 7.0, 6.0, 3.0, 2.0, 8.0, 7.0, 2.0, 3.0, 0.0, 3.0, 4.0, 3.0, 4.0, 3.0, 2.0, 2.0, 0.0, 3.0, 2.0, 0.0, 2.0, 0.0, 1.0, 0.0, 0.0, 1.0, 1.0], "bins": [-0.08203794807195663, -0.07939524203538895, -0.07675253599882126, -0.07410982996225357, -0.07146712392568588, -0.0688244178891182, -0.0661817118525505, -0.06353900581598282, -0.06089629977941513, -0.05825359374284744, -0.055610887706279755, -0.05296818166971207, -0.05032547563314438, -0.04768276959657669, -0.045040063560009, -0.042397357523441315, -0.03975464776158333, -0.03711194172501564, -0.03446923568844795, -0.031826529651880264, -0.029183823615312576, -0.02654111571609974, -0.02389840967953205, -0.021255703642964363, -0.018612995743751526, -0.015970289707183838, -0.01332758367061615, -0.010684876702725887, -0.0080421706661582, -0.005399464629590511, -0.002756758127361536, -0.00011405185796320438, 0.002528652548789978, 0.005171358585357666, 0.007814064621925354, 0.010456771589815617, 0.013099477626383305, 0.015742184594273567, 0.018384890630841255, 0.021027596667408943, 0.023670300841331482, 0.02631300687789917, 0.028955712914466858, 0.031598418951034546, 0.034241124987602234, 0.03688383102416992, 0.03952653706073761, 0.0421692430973053, 0.044811952859163284, 0.04745465889573097, 0.05009736493229866, 0.05274007096886635, 0.055382777005434036, 0.058025483042001724, 0.06066818907856941, 0.0633108988404274, 0.06595360487699509, 0.06859631091356277, 0.07123901695013046, 0.07388172298669815, 0.07652442902326584, 0.07916713505983353, 0.08180984109640121, 0.0844525471329689, 0.08709525316953659]}, "gradients/fc2.bias": {"_type": "histogram", "values": [2.0, 0.0, 0.0, 0.0, 0.0, 0.0, 0.0, 1.0, 0.0, 0.0, 2.0, 1.0, 2.0, 2.0, 2.0, 2.0, 0.0, 1.0, 2.0, 7.0, 2.0, 0.0, 2.0, 2.0, 3.0, 0.0, 1.0, 4.0, 3.0, 19.0, 3.0, 2.0, 5.0, 0.0, 1.0, 1.0, 0.0, 1.0, 1.0, 3.0, 0.0, 1.0, 0.0, 0.0, 0.0, 1.0, 0.0, 1.0, 0.0, 0.0, 0.0, 1.0, 0.0, 0.0, 0.0, 0.0, 1.0, 0.0, 1.0, 0.0, 0.0, 0.0, 0.0, 1.0], "bins": [-0.004797271452844143, -0.0046338546089828014, -0.00447043776512146, -0.0043070209212601185, -0.004143604077398777, -0.0039801872335374355, -0.003816770389676094, -0.0036533535458147526, -0.003489936701953411, -0.0033265198580920696, -0.003163103014230728, -0.0029996861703693867, -0.002836269326508045, -0.0026728524826467037, -0.0025094356387853622, -0.0023460187949240208, -0.0021826019510626793, -0.002019185107201338, -0.0018557682633399963, -0.0016923514194786549, -0.0015289345756173134, -0.001365517731755972, -0.0012021008878946304, -0.001038684044033289, -0.0008752672001719475, -0.000711850356310606, -0.0005484335124492645, -0.00038501666858792305, -0.00022159982472658157, -5.81829808652401e-05, 0.00010523386299610138, 0.00026865070685744286, 0.000432067085057497, 0.0005954839289188385, 0.00075890077278018, 0.0009223176166415215, 0.001085734460502863, 0.0012491513043642044, 0.0014125681482255459, 0.0015759849920868874, 0.0017394018359482288, 0.0019028186798095703, 0.002066235523670912, 0.0022296523675322533, 0.0023930692113935947, 0.0025564860552549362, 0.0027199028991162777, 0.002883319742977619, 0.0030467365868389606, 0.003210153430700302, 0.0033735702745616436, 0.003536987118422985, 0.0037004039622843266, 0.003863820806145668, 0.0040272376500070095, 0.004190654493868351, 0.0043540713377296925, 0.004517488181591034, 0.004680905025452375, 0.004844321869313717, 0.005007738713175058, 0.0051711555570364, 0.005334572400897741, 0.005497989244759083, 0.005661406088620424]}, "gradients/fc2.weight": {"_type": "histogram", "values": [1.0, 0.0, 0.0, 1.0, 1.0, 1.0, 1.0, 2.0, 3.0, 2.0, 4.0, 5.0, 4.0, 6.0, 7.0, 14.0, 15.0, 12.0, 26.0, 27.0, 28.0, 32.0, 39.0, 49.0, 78.0, 75.0, 95.0, 93.0, 128.0, 154.0, 230.0, 318.0, 525.0, 6862.0, 337.0, 210.0, 166.0, 107.0, 78.0, 60.0, 60.0, 28.0, 28.0, 31.0, 23.0, 24.0, 13.0, 10.0, 16.0, 9.0, 7.0, 5.0, 5.0, 4.0, 5.0, 2.0, 2.0, 3.0, 0.0, 3.0, 0.0, 3.0, 2.0, 1.0], "bins": [-0.03672455996274948, -0.03562839701771736, -0.03453223034739494, -0.033436067402362823, -0.032339900732040405, -0.031243737787008286, -0.030147572979331017, -0.029051408171653748, -0.02795524336397648, -0.02685907855629921, -0.02576291374862194, -0.02466674894094467, -0.023570585995912552, -0.022474421188235283, -0.021378256380558014, -0.020282091572880745, -0.019185926765203476, -0.018089761957526207, -0.016993597149848938, -0.01589743234217167, -0.014801268465816975, -0.013705103658139706, -0.012608939781785011, -0.011512774974107742, -0.010416610166430473, -0.009320445358753204, -0.008224280551075935, -0.007128116674721241, -0.006031951867043972, -0.004935787059366703, -0.0038396227173507214, -0.002743458142504096, -0.0016472935676574707, -0.0005511289928108454, 0.00054503558203578, 0.0016412001568824053, 0.0027373647317290306, 0.003833529306575656, 0.004929693881422281, 0.006025858223438263, 0.007122023031115532, 0.008218187838792801, 0.00931435264647007, 0.010410516522824764, 0.011506681330502033, 0.012602846138179302, 0.013699010014533997, 0.014795174822211266, 0.015891339629888535, 0.016987504437565804, 0.018083669245243073, 0.01917983405292034, 0.02027599886059761, 0.02137216180562973, 0.022468326613307, 0.023564491420984268, 0.024660656228661537, 0.025756821036338806, 0.026852985844016075, 0.027949150651693344, 0.029045313596725464, 0.030141478404402733, 0.031237643212080002, 0.03233380988240242, 0.03342997282743454]}, "gradients/fc1.bias": {"_type": "histogram", "values": [2.0, 0.0, 0.0, 1.0, 2.0, 0.0, 3.0, 2.0, 0.0, 2.0, 0.0, 1.0, 1.0, 1.0, 1.0, 0.0, 1.0, 1.0, 1.0, 1.0, 1.0, 2.0, 2.0, 3.0, 1.0, 0.0, 4.0, 1.0, 58.0, 2.0, 1.0, 2.0, 2.0, 0.0, 1.0, 1.0, 0.0, 1.0, 0.0, 2.0, 2.0, 2.0, 1.0, 1.0, 0.0, 1.0, 1.0, 1.0, 0.0, 0.0, 0.0, 1.0, 1.0, 0.0, 2.0, 0.0, 1.0, 0.0, 0.0, 1.0, 0.0, 0.0, 0.0, 1.0],