{"gradients/fc3.bias": {"_type": "histogram", "values": [1.0, 0.0, 0.0, 0.0, 0.0, 0.0, 0.0, 0.0, 0.0, 1.0, 0.0, 0.0, 0.0, 0.0, 0.0, 0.0, 0.0, 0.0, 0.0, 0.0, 0.0, 0.0, 0.0, 0.0, 0.0, 0.0, 0.0, 0.0, 0.0, 0.0, 0.0, 0.0, 0.0, 0.0, 0.0, 0.0, 1.0, 2.0, 0.0, 1.0, 1.0, 1.0, 0.0, 0.0, 0.0, 0.0, 0.0, 0.0, 0.0, 0.0, 0.0, 0.0, 0.0, 0.0, 0.0, 0.0, 0.0, 0.0, 0.0, 0.0, 0.0, 0.0, 0.0, 2.0], "bins": [-0.05384054780006409, -0.052385736256837845, -0.0509309247136116, -0.04947611689567566, -0.04802130535244942, -0.046566493809223175, -0.04511168599128723, -0.04365687444806099, -0.04220206290483475, -0.040747251361608505, -0.03929243981838226, -0.03783763200044632, -0.03638282045722008, -0.034928008913993835, -0.03347320109605789, -0.03201838955283165, -0.030563578009605408, -0.029108766466379166, -0.027653956785798073, -0.02619914710521698, -0.024744335561990738, -0.023289524018764496, -0.021834714338183403, -0.02037990465760231, -0.018925093114376068, -0.017470281571149826, -0.016015471890568733, -0.014560661278665066, -0.013105850666761398, -0.01165104005485773, -0.010196229442954063, -0.008741418831050396, -0.00728660449385643, -0.005831793881952763, -0.004376983270049095, -0.0029221726581454277, -0.0014673620462417603, -1.2551434338092804e-05, 0.0014422591775655746, 0.002897069789469242, 0.0043518804013729095, 0.005806691013276577, 0.0072615016251802444, 0.008716312237083912, 0.01017112284898758, 0.011625933460891247, 0.013080744072794914, 0.014535554684698582, 0.01599036529660225, 0.01744517683982849, 0.018899986520409584, 0.020354796200990677, 0.02180960774421692, 0.02326441928744316, 0.024719228968024254, 0.026174038648605347, 0.02762885019183159, 0.02908366173505783, 0.030538471415638924, 0.031993281096220016, 0.03344809263944626, 0.0349029041826725, 0.03635771572589874, 0.037812523543834686, 0.03926733508706093]}, "_timestamp": 1672935147.195936, "gradients/fc3.weight": {"_type": "histogram", "values": [1.0, 0.0, 0.0, 0.0, 0.0, 0.0, 1.0, 0.0, 0.0, 0.0, 1.0, 0.0, 0.0, 2.0, 0.0, 2.0, 0.0, 2.0, 1.0, 1.0, 3.0, 4.0, 4.0, 3.0, 2.0, 8.0, 4.0, 4.0, 3.0, 3.0, 6.0, 7.0, 683.0, 42.0, 6.0, 4.0, 4.0, 10.0, 3.0, 4.0, 2.0, 2.0, 3.0, 5.0, 1.0, 0.0, 1.0, 1.0, 0.0, 2.0, 1.0, 1.0, 0.0, 1.0, 0.0, 0.0, 0.0, 1.0, 0.0, 0.0, 0.0, 0.0, 0.0, 1.0], "bins": [-0.6861635446548462, -0.6650046706199646, -0.6438458561897278, -0.6226869821548462, -0.6015281081199646, -0.580369234085083, -0.5592104196548462, -0.5380515456199646, -0.516892671585083, -0.4957338273525238, -0.4745749533176422, -0.453416109085083, -0.4322572350502014, -0.4110983908176422, -0.3899395167827606, -0.3687806725502014, -0.3476218283176422, -0.326462984085083, -0.3053041100502014, -0.2841452658176422, -0.2629863917827606, -0.24182754755020142, -0.22066868841648102, -0.19950982928276062, -0.17835098505020142, -0.15719212591648102, -0.13603326678276062, -0.11487441509962082, -0.09371555596590042, -0.07255669683218002, -0.051397841423749924, -0.030238984152674675, -0.009080111980438232, 0.012078745290637016, 0.033237602561712265, 0.054396457970142365, 0.07555531710386276, 0.09671417623758316, 0.11787302792072296, 0.13903188705444336, 0.16019076108932495, 0.18134962022304535, 0.20250847935676575, 0.22366733849048615, 0.24482619762420654, 0.26598504185676575, 0.28714391589164734, 0.30830276012420654, 0.32946160435676575, 0.35062044858932495, 0.37177932262420654, 0.39293816685676575, 0.41409704089164734, 0.43525588512420654, 0.45641475915908813, 0.47757360339164734, 0.49873244762420654, 0.5198913216590881, 0.541050136089325, 0.5622090101242065, 0.5833678841590881, 0.6045267581939697, 0.6256855726242065, 0.6468444466590881, 0.6680033206939697]}, "gradients/fc2.bias": {"_type": "histogram", "values": [1.0, 0.0, 2.0, 0.0, 0.0, 1.0, 1.0, 1.0, 0.0, 0.0, 2.0, 0.0, 1.0, 0.0, 3.0, 3.0, 0.0, 0.0, 1.0, 1.0, 3.0, 0.0, 0.0, 0.0, 3.0, 41.0, 0.0, 0.0, 0.0, 2.0, 1.0, 1.0, 3.0, 1.0, 0.0, 2.0, 0.0, 1.0, 1.0, 0.0, 0.0, 0.0, 1.0, 1.0, 0.0, 0.0, 0.0, 0.0, 2.0, 0.0, 0.0, 0.0, 0.0, 1.0, 0.0, 0.0, 2.0, 0.0, 0.0, 0.0, 0.0, 0.0, 0.0, 1.0], "bins": [-0.010548796504735947, -0.0101400688290596, -0.00973134208470583, -0.009322614409029484, -0.008913886733353138, -0.008505159988999367, -0.008096432313323021, -0.007687704637646675, -0.007278977427631617, -0.006870250217616558, -0.006461522541940212, -0.006052795331925154, -0.005644068121910095, -0.005235340446233749, -0.004826613236218691, -0.004417885560542345, -0.0040091583505272865, -0.0036004309076815844, -0.003191703464835882, -0.0027829762548208237, -0.0023742488119751215, -0.0019655213691294193, -0.001556794042699039, -0.0011480667162686586, -0.0007393397390842438, -0.0003306123544462025, 7.811503019183874e-05, 0.00048684241482988, 0.0008955697994679213, 0.0013042972423136234, 0.0017130245687440038, 0.002121751895174384, 0.0025304798036813736, 0.0029392072465270758, 0.003347934689372778, 0.0037566618993878365, 0.004165389575064182, 0.004574116785079241, 0.004982843995094299, 0.005391571670770645, 0.005800299346446991, 0.0062090265564620495, 0.006617754232138395, 0.007026481442153454, 0.0074352091178298, 0.00784393586218357, 0.008252663537859917, 0.008661391213536263, 0.009070117957890034, 0.00947884563356638, 0.00988757237792015, 0.010296300053596497, 0.010705027729272842, 0.011113754473626614, 0.01152248214930296, 0.011931209824979305, 0.012339936569333076, 0.012748664245009422, 0.013157390989363194, 0.01356611866503954, 0.013974846340715885, 0.014383573085069656, 0.014792300760746002, 0.015201028436422348, 0.015609756112098694]}, "gradients/fc2.weight": {"_type": "histogram", "values": [1.0, 1.0, 0.0, 0.0, 2.0, 3.0, 0.0, 0.0, 3.0, 2.0, 4.0, 6.0, 4.0, 5.0, 10.0, 9.0, 14.0, 16.0, 18.0, 16.0, 14.0, 21.0, 30.0, 46.0, 41.0, 56.0, 80.0, 114.0, 165.0, 623.0, 8091.0, 129.0, 99.0, 68.0, 79.0, 68.0, 49.0, 37.0, 28.0, 18.0, 19.0, 23.0, 11.0, 16.0, 9.0, 7.0, 3.0, 3.0, 3.0, 3.0, 1.0, 3.0, 2.0, 1.0, 1.0, 0.0, 3.0, 0.0, 0.0, 1.0, 0.0, 0.0, 0.0, 1.0], "bins": [-0.15577802062034607, -0.1505952775478363, -0.14541253447532654, -0.14022979140281677, -0.135047048330307, -0.12986430525779724, -0.12468155473470688, -0.11949881166219711, -0.11431606858968735, -0.10913332551717758, -0.10395058244466782, -0.09876783937215805, -0.09358508884906769, -0.08840234577655792, -0.08321960270404816, -0.07803685963153839, -0.07285411655902863, -0.06767137348651886, -0.062488630414009094, -0.05730588361620903, -0.052123140543699265, -0.0469403974711895, -0.041757650673389435, -0.03657490760087967, -0.031392164528369904, -0.026209421455860138, -0.021026676520705223, -0.015843931585550308, -0.010661188513040543, -0.005478444509208202, -0.0002957005053758621, 0.004887043498456478, 0.010069772601127625, 0.015252516604959965, 0.020435260608792305, 0.02561800554394722, 0.030800748616456985, 0.03598349168896675, 0.041166238486766815, 0.04634898155927658, 0.051531724631786346, 0.05671446770429611, 0.06189721077680588, 0.06707995384931564, 0.072262704372406, 0.07744544744491577, 0.08262819051742554, 0.0878109335899353, 0.09299367666244507, 0.09817641973495483, 0.1033591628074646, 0.10854190587997437, 0.11372464895248413, 0.1189073994755745, 0.12409014254808426, 0.12927287817001343, 0.1344556212425232, 0.13963836431503296, 0.14482110738754272, 0.1500038504600525, 0.15518659353256226, 0.16036933660507202, 0.1655520796775818, 0.17073482275009155, 0.1759175807237625]}, "gradients/fc1.bias": {"_type": "histogram", "values": [1.0, 0.0, 0.0, 0.0, 0.0, 0.0, 1.0, 1.0, 0.0, 1.0, 0.0, 1.0, 0.0, 0.0, 0.0, 1.0, 0.0, 0.0, 0.0, 1.0, 2.0, 0.0, 2.0, 1.0, 3.0, 3.0, 2.0, 1.0, 2.0, 2.0, 3.0, 66.0, 2.0, 1.0, 0.0, 1.0, 2.0, 1.0, 1.0, 3.0, 0.0, 3.0, 0.0, 1.0, 2.0, 0.0, 0.0, 0.0, 3.0, 0.0, 2.0, 0.0, 0.0, 1.0, 0.0, 0.0, 1.0, 0.0, 0.0, 1.0, 0.0, 0.0, 0.0, 1.0],