{"gradients/fc3.bias": {"_type": "histogram", "values": [1.0, 0.0, 0.0, 0.0, 0.0, 0.0, 0.0, 0.0, 0.0, 0.0, 0.0, 0.0, 0.0, 0.0, 0.0, 0.0, 0.0, 0.0, 0.0, 0.0, 0.0, 0.0, 0.0, 0.0, 0.0, 0.0, 0.0, 0.0, 0.0, 0.0, 0.0, 0.0, 1.0, 5.0, 1.0, 1.0, 0.0, 0.0, 0.0, 0.0, 0.0, 0.0, 0.0, 0.0, 0.0, 0.0, 0.0, 0.0, 0.0, 0.0, 0.0, 0.0, 0.0, 0.0, 0.0, 0.0, 0.0, 0.0, 0.0, 0.0, 0.0, 0.0, 0.0, 1.0], "bins": [-0.018601873889565468, -0.01804857887327671, -0.017495283856987953, -0.016941986978054047, -0.01638869196176529, -0.015835396945476532, -0.015282101929187775, -0.014728805981576443, -0.014175510965287685, -0.013622215948998928, -0.013068920001387596, -0.012515624985098839, -0.011962329968810081, -0.01140903402119875, -0.010855739004909992, -0.01030244305729866, -0.009749148041009903, -0.009195853024721146, -0.008642557077109814, -0.008089262060821056, -0.007535966578871012, -0.006982671096920967, -0.00642937608063221, -0.005876080598682165, -0.0053227851167321205, -0.004769489634782076, -0.004216194152832031, -0.003662899136543274, -0.0031096036545932293, -0.0025563081726431847, -0.0020030129235237837, -0.0014497175579890609, -0.0008964203298091888, -0.00034312496427446604, 0.00021017040126025677, 0.0007634657667949796, 0.0013167611323297024, 0.0018700564978644252, 0.002423351863399148, 0.002976647112518549, 0.0035299425944685936, 0.004083238076418638, 0.004636533558368683, 0.00518982857465744, 0.005743124056607485, 0.0062964195385575294, 0.006849714554846287, 0.007403010036796331, 0.007956305518746376, 0.008509600535035133, 0.009062896482646465, 0.009616191498935223, 0.010169487446546555, 0.010722782462835312, 0.01127607747912407, 0.011829373426735401, 0.012382668443024158, 0.012935963459312916, 0.013489259406924248, 0.014042554423213005, 0.014595849439501762, 0.015149145387113094, 0.015702441334724426, 0.016255736351013184, 0.01680903136730194]}, "_timestamp": 1672935206.417856, "gradients/fc3.weight": {"_type": "histogram", "values": [1.0, 0.0, 0.0, 0.0, 1.0, 0.0, 0.0, 0.0, 1.0, 0.0, 0.0, 0.0, 1.0, 1.0, 0.0, 2.0, 4.0, 0.0, 3.0, 0.0, 0.0, 1.0, 2.0, 1.0, 3.0, 0.0, 2.0, 0.0, 5.0, 3.0, 2.0, 4.0, 4.0, 595.0, 150.0, 17.0, 4.0, 4.0, 5.0, 1.0, 0.0, 3.0, 1.0, 4.0, 0.0, 1.0, 0.0, 2.0, 5.0, 1.0, 0.0, 2.0, 0.0, 0.0, 1.0, 0.0, 0.0, 1.0, 0.0, 0.0, 1.0, 0.0, 0.0, 1.0], "bins": [-0.196214959025383, -0.1904338300228119, -0.18465270102024078, -0.17887157201766968, -0.17309042811393738, -0.16730929911136627, -0.16152817010879517, -0.15574704110622406, -0.14996591210365295, -0.14418478310108185, -0.13840365409851074, -0.13262252509593964, -0.12684138119220734, -0.12106025218963623, -0.11527912318706512, -0.10949799418449402, -0.10371685773134232, -0.09793572872877121, -0.0921545922756195, -0.0863734632730484, -0.0805923342704773, -0.07481119781732559, -0.06903006881475449, -0.06324893981218338, -0.05746780335903168, -0.05168667063117027, -0.04590554162859917, -0.04012440890073776, -0.034343279898166656, -0.028562147170305252, -0.022781014442443848, -0.016999883577227592, -0.011218756437301636, -0.005437625106424093, 0.00034350622445344925, 0.006124637555330992, 0.011905768886208534, 0.01768689975142479, 0.023468032479286194, 0.02924916334450245, 0.035030290484428406, 0.04081142321228981, 0.046592552214860916, 0.05237368494272232, 0.058154813945293427, 0.06393595039844513, 0.06971707940101624, 0.07549820840358734, 0.08127934485673904, 0.08706047385931015, 0.09284161031246185, 0.09862273931503296, 0.10440386831760406, 0.11018500477075577, 0.11596613377332687, 0.12174726277589798, 0.12752839922904968, 0.1333095282316208, 0.1390906572341919, 0.144871786236763, 0.1506529301404953, 0.1564340591430664, 0.1622151881456375, 0.16799631714820862, 0.17377744615077972]}, "gradients/fc2.bias": {"_type": "histogram", "values": [1.0, 0.0, 1.0, 0.0, 0.0, 0.0, 1.0, 0.0, 1.0, 0.0, 0.0, 0.0, 0.0, 0.0, 2.0, 1.0, 0.0, 0.0, 0.0, 1.0, 1.0, 1.0, 0.0, 2.0, 0.0, 1.0, 0.0, 1.0, 1.0, 3.0, 6.0, 10.0, 28.0, 2.0, 1.0, 0.0, 1.0, 0.0, 1.0, 2.0, 1.0, 2.0, 1.0, 0.0, 1.0, 2.0, 0.0, 1.0, 1.0, 0.0, 1.0, 1.0, 1.0, 1.0, 0.0, 0.0, 0.0, 0.0, 1.0, 0.0, 0.0, 0.0, 0.0, 1.0], "bins": [-0.004302832763642073, -0.004170081578195095, -0.00403732992708683, -0.0039045787416398525, -0.003771827556192875, -0.0036390763707458973, -0.003506324952468276, -0.0033735735341906548, -0.003240822348743677, -0.0031080711632966995, -0.0029753197450190783, -0.002842568326741457, -0.0027098171412944794, -0.0025770659558475018, -0.0024443145375698805, -0.002311563119292259, -0.0021788119338452816, -0.002046060748398304, -0.0019133093301206827, -0.0017805580282583833, -0.0016478067263960838, -0.0015150554245337844, -0.001382304122671485, -0.0012495528208091855, -0.001116801518946886, -0.0009840502170845866, -0.0008512989152222872, -0.0007185476133599877, -0.0005857963114976883, -0.00045304500963538885, -0.0003202937077730894, -0.00018754240591078997, -5.4790638387203217e-05, 7.796066347509623e-05, 0.00021071196533739567, 0.0003434632671996951, 0.00047621456906199455, 0.000608965870924294, 0.0007417171727865934, 0.0008744684746488929, 0.0010072197765111923, 0.0011399710783734918, 0.0012727223802357912, 0.0014054736820980906, 0.00153822498396039, 0.0016709762858226895, 0.001803727587684989, 0.0019364788895472884, 0.002069230191409588, 0.0022019813768565655, 0.0023347327951341867, 0.002467484213411808, 0.0026002353988587856, 0.0027329865843057632, 0.0028657380025833845, 0.0029984894208610058, 0.0031312406063079834, 0.003263991791754961, 0.0033967432100325823, 0.0035294946283102036, 0.003662245813757181, 0.0037949969992041588, 0.003927748650312424, 0.004060499835759401, 0.004193251021206379]}, "gradients/fc2.weight": {"_type": "histogram", "values": [2.0, 0.0, 1.0, 1.0, 1.0, 1.0, 1.0, 2.0, 3.0, 1.0, 4.0, 3.0, 5.0, 7.0, 8.0, 9.0, 8.0, 11.0, 18.0, 14.0, 13.0, 14.0, 23.0, 27.0, 38.0, 33.0, 47.0, 61.0, 63.0, 85.0, 134.0, 550.0, 8090.0, 117.0, 100.0, 97.0, 80.0, 80.0, 49.0, 51.0, 44.0, 33.0, 27.0, 33.0, 12.0, 13.0, 14.0, 11.0, 11.0, 7.0, 4.0, 5.0, 3.0, 3.0, 0.0, 2.0, 0.0, 2.0, 2.0, 0.0, 1.0, 0.0, 0.0, 1.0], "bins": [-0.042008884251117706, -0.04070855304598808, -0.03940822184085846, -0.038107890635728836, -0.036807555705308914, -0.03550722450017929, -0.03420689329504967, -0.032906562089920044, -0.03160623088479042, -0.030305899679660797, -0.029005566611886024, -0.0277052354067564, -0.026404904201626778, -0.025104571133852005, -0.02380423992872238, -0.022503908723592758, -0.021203575655817986, -0.019903244450688362, -0.01860291138291359, -0.017302580177783966, -0.016002248972654343, -0.014701916836202145, -0.013401584699749947, -0.012101253494620323, -0.01080092042684555, -0.009500588290393353, -0.008200257085263729, -0.006899924948811531, -0.00559959327802062, -0.00429926160722971, -0.0029989297036081553, -0.0016985979164019227, -0.00039826706051826477, 0.0009020647266879678, 0.0022023965138942003, 0.0035027284175157547, 0.004803060088306665, 0.006103391759097576, 0.007403723895549774, 0.008704055100679398, 0.010004386305809021, 0.011304718442261219, 0.012605049647390842, 0.01390538178384304, 0.015205712988972664, 0.016506046056747437, 0.01780637726187706, 0.019106708467006683, 0.020407041534781456, 0.02170737273991108, 0.023007705807685852, 0.024308037012815475, 0.0256083682179451, 0.02690870128571987, 0.028209032490849495, 0.02950936369597912, 0.03080969676375389, 0.032110027968883514, 0.03341035917401314, 0.03471069037914276, 0.03601102530956268, 0.037311356514692307, 0.03861168771982193, 0.03991201892495155, 0.04121235013008118]}, "gradients/fc1.bias": {"_type": "histogram", "values": [1.0, 0.0, 0.0, 0.0, 0.0, 1.0, 1.0, 0.0, 0.0, 0.0, 0.0, 0.0, 1.0, 0.0, 0.0, 0.0, 0.0, 1.0, 0.0, 0.0, 0.0, 2.0, 0.0, 0.0, 0.0, 1.0, 1.0, 2.0, 1.0, 0.0, 1.0, 0.0, 1.0, 1.0, 0.0, 0.0, 2.0, 10.0, 62.0, 4.0, 3.0, 1.0, 1.0, 1.0, 0.0, 0.0, 1.0, 2.0, 1.0, 4.0, 1.0, 2.0, 1.0, 2.0, 1.0, 3.0, 0.0, 0.0, 0.0, 0.0, 2.0, 0.0, 0.0, 1.0],