{"gradients/fc3.bias": {"_type": "histogram", "values": [1.0, 0.0, 0.0, 0.0, 0.0, 0.0, 0.0, 0.0, 0.0, 0.0, 0.0, 0.0, 0.0, 0.0, 0.0, 0.0, 0.0, 0.0, 0.0, 0.0, 0.0, 0.0, 0.0, 0.0, 0.0, 0.0, 0.0, 0.0, 0.0, 0.0, 0.0, 0.0, 0.0, 0.0, 1.0, 3.0, 2.0, 1.0, 1.0, 0.0, 0.0, 0.0, 0.0, 0.0, 0.0, 0.0, 0.0, 0.0, 0.0, 0.0, 0.0, 0.0, 0.0, 0.0, 0.0, 0.0, 0.0, 0.0, 0.0, 0.0, 0.0, 0.0, 0.0, 1.0], "bins": [-0.02162810042500496, -0.021017735823988914, -0.02040737308561802, -0.019797008484601974, -0.01918664574623108, -0.018576281145215034, -0.01796591840684414, -0.017355553805828094, -0.0167451910674572, -0.016134826466441154, -0.015524463728070259, -0.014914100058376789, -0.014303736388683319, -0.013693371787667274, -0.013083008117973804, -0.012472644448280334, -0.01186227984726429, -0.01125191617757082, -0.01064155250787735, -0.01003118883818388, -0.00942082516849041, -0.008810460567474365, -0.008200096897780895, -0.007589733228087425, -0.006979369558393955, -0.006369005888700485, -0.005758642219007015, -0.005148278083652258, -0.004537914413958788, -0.003927550744265318, -0.0033171868417412043, -0.0027068229392170906, -0.0020964574068784714, -0.0014860936207696795, -0.0008757298346608877, -0.0002653660485520959, 0.00034499773755669594, 0.0009553615236654878, 0.0015657253097742796, 0.0021760892122983932, 0.0027864528819918633, 0.0033968165516853333, 0.004007180221378803, 0.0046175443567335606, 0.0052279080264270306, 0.0058382716961205006, 0.006448635831475258, 0.007058999501168728, 0.007669363170862198, 0.008279726840555668, 0.008890090510249138, 0.009500454179942608, 0.010110817849636078, 0.010721182450652122, 0.011331546120345592, 0.011941909790039062, 0.012552273459732533, 0.013162637129426003, 0.013773000799119473, 0.014383364468812943, 0.014993729069828987, 0.015604092739522457, 0.016214456409215927, 0.016824819147586823, 0.017435183748602867]}, "_timestamp": 1672935050.842506, "gradients/fc3.weight": {"_type": "histogram", "values": [1.0, 0.0, 0.0, 1.0, 0.0, 0.0, 1.0, 0.0, 1.0, 1.0, 4.0, 2.0, 1.0, 0.0, 3.0, 0.0, 0.0, 1.0, 0.0, 3.0, 3.0, 0.0, 1.0, 2.0, 0.0, 2.0, 0.0, 2.0, 1.0, 3.0, 3.0, 0.0, 1.0, 2.0, 8.0, 682.0, 59.0, 14.0, 3.0, 3.0, 2.0, 2.0, 1.0, 2.0, 1.0, 1.0, 2.0, 3.0, 2.0, 1.0, 0.0, 2.0, 1.0, 0.0, 3.0, 3.0, 2.0, 1.0, 1.0, 0.0, 0.0, 1.0, 0.0, 1.0], "bins": [-0.14978967607021332, -0.1455530971288681, -0.14131653308868408, -0.13707995414733887, -0.13284337520599365, -0.12860681116580963, -0.12437023222446442, -0.1201336532831192, -0.11589708179235458, -0.11166051030158997, -0.10742393136024475, -0.10318735986948013, -0.09895078837871552, -0.0947142094373703, -0.09047763794660568, -0.08624105900526047, -0.08200448751449585, -0.07776791602373123, -0.07353133708238602, -0.0692947655916214, -0.06505818665027618, -0.060821615159511566, -0.05658504366874695, -0.05234846845269203, -0.048111893236637115, -0.0438753180205822, -0.03963874280452728, -0.035402171313762665, -0.03116559609770775, -0.026929020881652832, -0.022692447528243065, -0.018455874174833298, -0.014219284057617188, -0.009982709772884846, -0.005746135488152504, -0.0015095612034201622, 0.0027270130813121796, 0.006963587366044521, 0.011200161650776863, 0.015436735935509205, 0.019673310220241547, 0.023909885436296463, 0.02814645878970623, 0.032383032143116, 0.036619607359170914, 0.04085618257522583, 0.04509275406599045, 0.049329329282045364, 0.05356590449810028, 0.0578024797141552, 0.062039054930210114, 0.06627562642097473, 0.07051220536231995, 0.07474877685308456, 0.07898534834384918, 0.0832219272851944, 0.08745849877595901, 0.09169507026672363, 0.09593164920806885, 0.10016822069883347, 0.10440479218959808, 0.1086413711309433, 0.11287794262170792, 0.11711452156305313, 0.12135109305381775]}, "gradients/fc2.bias": {"_type": "histogram", "values": [1.0, 0.0, 0.0, 1.0, 0.0, 0.0, 0.0, 1.0, 0.0, 0.0, 0.0, 0.0, 1.0, 1.0, 0.0, 1.0, 0.0, 0.0, 0.0, 0.0, 1.0, 0.0, 2.0, 0.0, 1.0, 0.0, 0.0, 0.0, 0.0, 1.0, 2.0, 3.0, 2.0, 45.0, 0.0, 2.0, 1.0, 0.0, 2.0, 1.0, 2.0, 1.0, 0.0, 1.0, 1.0, 1.0, 0.0, 1.0, 1.0, 0.0, 0.0, 0.0, 0.0, 0.0, 0.0, 1.0, 1.0, 2.0, 0.0, 1.0, 0.0, 0.0, 0.0, 2.0], "bins": [-0.0050219325348734856, -0.004873291123658419, -0.004724649712443352, -0.004576008301228285, -0.004427366890013218, -0.004278725478798151, -0.004130084067583084, -0.003981442656368017, -0.0038328012451529503, -0.0036841598339378834, -0.0035355184227228165, -0.0033868770115077496, -0.0032382356002926826, -0.0030895941890776157, -0.002940952777862549, -0.002792311366647482, -0.002643669955432415, -0.002495028544217348, -0.002346387133002281, -0.0021977457217872143, -0.0020491043105721474, -0.0019004628993570805, -0.0017518214881420135, -0.0016031800769269466, -0.0014545386657118797, -0.0013058972544968128, -0.001157255843281746, -0.001008614432066679, -0.0008599730208516121, -0.0007113316096365452, -0.0005626901984214783, -0.00041404878720641136, -0.00026540737599134445, -0.00011676596477627754, 3.187544643878937e-05, 0.00018051685765385628, 0.0003291582688689232, 0.0004777996800839901, 0.000626441091299057, 0.0007750825025141239, 0.0009237239137291908, 0.0010723653249442577, 0.0012210067361593246, 0.0013696481473743916, 0.0015182895585894585, 0.0016669309698045254, 0.0018155723810195923, 0.001964213792234659, 0.002112855203449726, 0.002261496614664793, 0.00241013802587986, 0.002558779437094927, 0.0027074208483099937, 0.0028560622595250607, 0.0030047036707401276, 0.0031533450819551945, 0.0033019864931702614, 0.0034506279043853283, 0.003599269315600395, 0.003747910726815462, 0.003896552138030529, 0.004045193549245596, 0.004193834960460663, 0.00434247637167573, 0.004491117782890797]}, "gradients/fc2.weight": {"_type": "histogram", "values": [1.0, 0.0, 0.0, 1.0, 0.0, 0.0, 0.0, 1.0, 0.0, 1.0, 0.0, 0.0, 4.0, 1.0, 1.0, 5.0, 4.0, 4.0, 5.0, 4.0, 9.0, 6.0, 15.0, 13.0, 13.0, 16.0, 20.0, 23.0, 35.0, 34.0, 53.0, 63.0, 131.0, 8798.0, 261.0, 125.0, 95.0, 77.0, 48.0, 36.0, 26.0, 33.0, 15.0, 15.0, 14.0, 16.0, 11.0, 9.0, 11.0, 6.0, 7.0, 0.0, 5.0, 0.0, 1.0, 2.0, 1.0, 2.0, 0.0, 1.0, 0.0, 0.0, 0.0, 2.0], "bins": [-0.0670946016907692, -0.06511027365922928, -0.06312594562768936, -0.061141617596149445, -0.05915728956460953, -0.05717296153306961, -0.055188633501529694, -0.05320430546998978, -0.05121997743844986, -0.04923564940690994, -0.047251321375370026, -0.04526699334383011, -0.04328266531229019, -0.041298337280750275, -0.03931400924921036, -0.03732968121767044, -0.035345353186130524, -0.03336102515459061, -0.03137669712305069, -0.029392369091510773, -0.027408041059970856, -0.02542371302843094, -0.02343938499689102, -0.021455056965351105, -0.019470728933811188, -0.01748640090227127, -0.015502072870731354, -0.013517744839191437, -0.01153341680765152, -0.009549088776111603, -0.007564760744571686, -0.005580432713031769, -0.003596097230911255, -0.0016117691993713379, 0.0003725588321685791, 0.002356886863708496, 0.004341214895248413, 0.00632554292678833, 0.008309870958328247, 0.010294198989868164, 0.012278527021408081, 0.014262855052947998, 0.016247183084487915, 0.018231511116027832, 0.02021583914756775, 0.022200167179107666, 0.024184495210647583, 0.0261688232421875, 0.028153151273727417, 0.030137479305267334, 0.03212180733680725, 0.03410613536834717, 0.036090463399887085, 0.038074791431427, 0.04005911946296692, 0.042043447494506836, 0.04402777552604675, 0.04601210355758667, 0.04799643158912659, 0.049980759620666504, 0.05196508765220642, 0.05394941568374634, 0.055933743715286255, 0.05791807174682617, 0.05990239977836609]}, "gradients/fc1.bias": {"_type": "histogram", "values": [1.0, 0.0, 0.0, 0.0, 1.0, 0.0, 0.0, 0.0, 0.0, 1.0, 0.0, 0.0, 1.0, 1.0, 1.0, 0.0, 0.0, 3.0, 0.0, 2.0, 1.0, 0.0, 0.0, 0.0, 1.0, 0.0, 1.0, 1.0, 1.0, 0.0, 2.0, 1.0, 13.0, 71.0, 1.0, 1.0, 1.0, 1.0, 1.0, 0.0, 1.0, 1.0, 1.0, 0.0, 0.0, 2.0, 0.0, 1.0, 0.0, 1.0, 1.0, 0.0, 2.0, 0.0, 0.0, 0.0, 1.0, 0.0, 0.0, 0.0, 0.0, 0.0, 0.0, 1.0],