{"gradients/fc3.bias": {"_type": "histogram", "values": [1.0, 0.0, 0.0, 0.0, 0.0, 0.0, 0.0, 0.0, 0.0, 0.0, 0.0, 0.0, 0.0, 0.0, 0.0, 0.0, 0.0, 0.0, 0.0, 0.0, 0.0, 1.0, 0.0, 0.0, 0.0, 0.0, 0.0, 1.0, 0.0, 5.0, 0.0, 1.0, 0.0, 0.0, 0.0, 0.0, 0.0, 0.0, 0.0, 0.0, 0.0, 0.0, 0.0, 0.0, 0.0, 0.0, 0.0, 0.0, 0.0, 0.0, 0.0, 0.0, 0.0, 0.0, 0.0, 0.0, 0.0, 0.0, 0.0, 0.0, 0.0, 0.0, 0.0, 1.0], "bins": [-0.025314081460237503, -0.02444051019847393, -0.023566940799355507, -0.022693369537591934, -0.02181980013847351, -0.020946228876709938, -0.020072659477591515, -0.019199088215827942, -0.01832551881670952, -0.017451947554945946, -0.016578378155827522, -0.01570480689406395, -0.014831237494945526, -0.013957667164504528, -0.01308409683406353, -0.012210526503622532, -0.01133695524185896, -0.010463384911417961, -0.009589814580976963, -0.008716244250535965, -0.007842673920094967, -0.0069691031239926815, -0.006095532793551683, -0.005221962463110685, -0.0043483916670084, -0.003474821336567402, -0.002601251006126404, -0.001727680442854762, -0.000854110112413764, 1.946027623489499e-05, 0.000893030664883554, 0.0017666011117398739, 0.0026401709765195847, 0.0035137413069605827, 0.004387311637401581, 0.005260881967842579, 0.006134452298283577, 0.007008023094385862, 0.007881592959165573, 0.008755163289606571, 0.00962873362004757, 0.010502303950488567, 0.011375874280929565, 0.012249444611370564, 0.013123014941811562, 0.01399658527225256, 0.014870155602693558, 0.01574372686445713, 0.016617298126220703, 0.017490869387984276, 0.0183644387871027, 0.019238010048866272, 0.020111579447984695, 0.020985150709748268, 0.02185872010886669, 0.022732291370630264, 0.023605860769748688, 0.02447943203151226, 0.025353001430630684, 0.026226572692394257, 0.02710014209151268, 0.027973713353276253, 0.028847282752394676, 0.02972085401415825, 0.030594423413276672]}, "_timestamp": 1672935640.626942, "gradients/fc3.weight": {"_type": "histogram", "values": [1.0, 0.0, 0.0, 0.0, 0.0, 0.0, 1.0, 1.0, 0.0, 0.0, 0.0, 1.0, 0.0, 0.0, 1.0, 1.0, 3.0, 1.0, 1.0, 1.0, 1.0, 3.0, 3.0, 4.0, 3.0, 3.0, 4.0, 4.0, 7.0, 16.0, 380.0, 361.0, 4.0, 1.0, 0.0, 2.0, 5.0, 3.0, 2.0, 3.0, 3.0, 3.0, 1.0, 1.0, 2.0, 1.0, 1.0, 1.0, 2.0, 0.0, 0.0, 0.0, 1.0, 0.0, 0.0, 0.0, 1.0, 1.0, 0.0, 0.0, 0.0, 0.0, 0.0, 1.0], "bins": [-0.40262874960899353, -0.38963958621025085, -0.37665045261383057, -0.3636612892150879, -0.3506721556186676, -0.3376829922199249, -0.32469385862350464, -0.31170469522476196, -0.2987155318260193, -0.2857263684272766, -0.2727372348308563, -0.25974807143211365, -0.24675893783569336, -0.23376977443695068, -0.2207806259393692, -0.20779147744178772, -0.19480234384536743, -0.18181319534778595, -0.16882404685020447, -0.15583489835262299, -0.1428457498550415, -0.12985658645629883, -0.11686743795871735, -0.10387828946113586, -0.09088912606239319, -0.0778999775648117, -0.06491082906723022, -0.051921673119068146, -0.038932524621486664, -0.025943374261260033, -0.012954223901033401, 3.4926459193229675e-05, 0.013024061918258667, 0.026013212278485298, 0.03900236263871193, 0.05199151486158371, 0.06498066335916519, 0.07796981185674667, 0.09095896780490875, 0.10394811630249023, 0.11693724989891052, 0.129926398396492, 0.1429155468940735, 0.15590469539165497, 0.16889384388923645, 0.18188300728797913, 0.1948721557855606, 0.2078613042831421, 0.22085046768188477, 0.23383961617946625, 0.24682876467704773, 0.2598179280757904, 0.2728070616722107, 0.28579622507095337, 0.29878535866737366, 0.31177452206611633, 0.3247636556625366, 0.3377528190612793, 0.3507419526576996, 0.36373111605644226, 0.37672024965286255, 0.3897094130516052, 0.4026985466480255, 0.4156877100467682, 0.42867687344551086]}, "gradients/fc2.bias": {"_type": "histogram", "values": [1.0, 0.0, 0.0, 0.0, 0.0, 1.0, 0.0, 2.0, 1.0, 0.0, 0.0, 1.0, 1.0, 0.0, 0.0, 1.0, 0.0, 1.0, 0.0, 0.0, 0.0, 0.0, 1.0, 0.0, 0.0, 3.0, 0.0, 0.0, 0.0, 4.0, 4.0, 1.0, 3.0, 25.0, 5.0, 5.0, 4.0, 2.0, 0.0, 1.0, 2.0, 2.0, 0.0, 0.0, 2.0, 1.0, 0.0, 0.0, 2.0, 1.0, 0.0, 1.0, 0.0, 2.0, 0.0, 0.0, 1.0, 0.0, 1.0, 0.0, 0.0, 1.0, 0.0, 1.0], "bins": [-0.00736614316701889, -0.007149368524551392, -0.0069325934164226055, -0.006715818773955107, -0.006499043665826321, -0.006282269023358822, -0.006065494380891323, -0.005848719272762537, -0.005631944630295038, -0.0054151699878275394, -0.005198394879698753, -0.004981620237231255, -0.004764845594763756, -0.00454807048663497, -0.004331295844167471, -0.004114520736038685, -0.003897746093571186, -0.0036809712182730436, -0.003464196342974901, -0.0032474217005074024, -0.00303064682520926, -0.0028138719499111176, -0.0025970973074436188, -0.0023803224321454763, -0.002163547556847334, -0.0019467726815491915, -0.0017299979226663709, -0.0015132231637835503, -0.0012964482884854078, -0.0010796734131872654, -0.0008628986543044448, -0.0006461238372139633, -0.00042934902012348175, -0.00021257420303300023, 4.200614057481289e-06, 0.0002209754311479628, 0.00043775024823844433, 0.0006545250653289258, 0.0008712998824194074, 0.001088074641302228, 0.0013048495166003704, 0.0015216243918985128, 0.0017383991507813334, 0.001955173909664154, 0.0021719487849622965, 0.002388723660260439, 0.0026054983027279377, 0.00282227317802608, 0.0030390480533242226, 0.003255822928622365, 0.0034725978039205074, 0.003689372446388006, 0.0039061473216861486, 0.004122922196984291, 0.00433969683945179, 0.004556471947580576, 0.004773246590048075, 0.0049900212325155735, 0.00520679634064436, 0.005423570983111858, 0.005640345625579357, 0.005857120733708143, 0.006073895376175642, 0.006290670484304428, 0.006507445126771927]}, "gradients/fc2.weight": {"_type": "histogram", "values": [1.0, 0.0, 0.0, 0.0, 0.0, 0.0, 0.0, 3.0, 3.0, 1.0, 1.0, 2.0, 1.0, 6.0, 8.0, 5.0, 8.0, 9.0, 9.0, 15.0, 13.0, 14.0, 17.0, 17.0, 23.0, 32.0, 28.0, 32.0, 45.0, 55.0, 101.0, 275.0, 8097.0, 611.0, 191.0, 82.0, 74.0, 59.0, 43.0, 40.0, 31.0, 22.0, 15.0, 20.0, 12.0, 9.0, 9.0, 9.0, 7.0, 7.0, 2.0, 3.0, 2.0, 4.0, 1.0, 2.0, 2.0, 0.0, 0.0, 1.0, 0.0, 0.0, 0.0, 1.0], "bins": [-0.1204662099480629, -0.116794154047966, -0.11312209069728851, -0.10945003479719162, -0.10577797144651413, -0.10210591554641724, -0.09843385219573975, -0.09476179629564285, -0.09108973294496536, -0.08741767704486847, -0.08374561369419098, -0.08007355779409409, -0.0764014944434166, -0.0727294385433197, -0.06905737519264221, -0.06538531929254532, -0.06171325966715813, -0.058041200041770935, -0.05436914041638374, -0.05069708079099655, -0.04702502116560936, -0.04335296154022217, -0.039680901914834976, -0.036008842289447784, -0.03233678638935089, -0.0286647267639637, -0.024992667138576508, -0.021320607513189316, -0.017648547887802124, -0.013976489193737507, -0.01030443049967289, -0.006632370874285698, -0.002960309386253357, 0.0007117500063031912, 0.004383809398859739, 0.008055868558585644, 0.011727928183972836, 0.015399987809360027, 0.019072046503424644, 0.022744106128811836, 0.026416167616844177, 0.03008822724223137, 0.03376028686761856, 0.03743234649300575, 0.041104406118392944, 0.044776465743780136, 0.04844852536916733, 0.05212058499455452, 0.05579264089465141, 0.059464700520038605, 0.0631367564201355, 0.06680881977081299, 0.07048087567090988, 0.07415293902158737, 0.07782499492168427, 0.08149705827236176, 0.08516911417245865, 0.08884117007255554, 0.09251323342323303, 0.09618528932332993, 0.09985735267400742, 0.10352940857410431, 0.1072014719247818, 0.11087352782487869, 0.11454559117555618]}, "gradients/fc1.bias": {"_type": "histogram", "values": [1.0, 0.0, 0.0, 1.0, 0.0, 1.0, 0.0, 2.0, 1.0, 0.0, 0.0, 2.0, 0.0, 0.0, 0.0, 0.0, 1.0, 0.0, 0.0, 2.0, 2.0, 1.0, 2.0, 2.0, 2.0, 1.0, 1.0, 4.0, 6.0, 64.0, 3.0, 2.0, 2.0, 1.0, 1.0, 2.0, 1.0, 1.0, 0.0, 0.0, 0.0, 0.0, 0.0, 0.0, 2.0, 0.0, 1.0, 2.0, 0.0, 1.0, 0.0, 0.0, 1.0, 0.0, 0.0, 2.0, 0.0, 1.0, 0.0, 0.0, 0.0, 0.0, 0.0, 1.0],