{"gradients/fc3.bias": {"_type": "histogram", "values": [1.0, 0.0, 0.0, 0.0, 0.0, 0.0, 0.0, 0.0, 0.0, 0.0, 0.0, 0.0, 0.0, 0.0, 0.0, 0.0, 1.0, 0.0, 0.0, 0.0, 0.0, 0.0, 0.0, 0.0, 0.0, 0.0, 0.0, 0.0, 0.0, 0.0, 1.0, 4.0, 0.0, 0.0, 1.0, 0.0, 0.0, 0.0, 0.0, 0.0, 0.0, 0.0, 0.0, 1.0, 0.0, 0.0, 0.0, 0.0, 0.0, 0.0, 0.0, 0.0, 0.0, 0.0, 0.0, 0.0, 0.0, 0.0, 0.0, 0.0, 0.0, 0.0, 0.0, 1.0], "bins": [-0.05952100083231926, -0.05763235315680504, -0.05574370175600052, -0.0538550540804863, -0.051966406404972076, -0.050077758729457855, -0.048189111053943634, -0.046300459653139114, -0.04441181197762489, -0.04252316430211067, -0.04063451290130615, -0.03874586522579193, -0.03685721755027771, -0.03496856987476349, -0.03307992219924927, -0.031191270798444748, -0.029302623122930527, -0.027413975447416306, -0.025525325909256935, -0.023636676371097565, -0.021748028695583344, -0.019859381020069122, -0.017970731481909752, -0.01608208194375038, -0.01419343426823616, -0.012304785661399364, -0.010416137054562569, -0.008527488447725773, -0.006638839840888977, -0.004750191234052181, -0.0028615426272153854, -0.0009728940203785896, 0.0009157545864582062, 0.002804403193295002, 0.004693051800131798, 0.006581700406968594, 0.00847034901380539, 0.010358997620642185, 0.012247646227478981, 0.014136294834315777, 0.016024943441152573, 0.017913591116666794, 0.019802240654826164, 0.021690890192985535, 0.023579537868499756, 0.025468185544013977, 0.027356835082173347, 0.029245484620332718, 0.03113413229584694, 0.03302277997136116, 0.03491143137216568, 0.0368000790476799, 0.03868872672319412, 0.040577374398708344, 0.042466022074222565, 0.044354673475027084, 0.046243321150541306, 0.04813196882605553, 0.050020620226860046, 0.05190926790237427, 0.05379791557788849, 0.05568656325340271, 0.05757521092891693, 0.05946386232972145, 0.06135251000523567]}, "_timestamp": 1672935318.557821, "gradients/fc3.weight": {"_type": "histogram", "values": [2.0, 1.0, 0.0, 1.0, 0.0, 0.0, 1.0, 0.0, 2.0, 1.0, 4.0, 0.0, 1.0, 3.0, 3.0, 2.0, 1.0, 0.0, 4.0, 1.0, 1.0, 4.0, 5.0, 8.0, 4.0, 4.0, 3.0, 10.0, 6.0, 16.0, 33.0, 615.0, 21.0, 15.0, 7.0, 8.0, 3.0, 7.0, 7.0, 5.0, 3.0, 5.0, 1.0, 2.0, 1.0, 1.0, 0.0, 3.0, 4.0, 1.0, 0.0, 0.0, 3.0, 0.0, 1.0, 1.0, 0.0, 1.0, 0.0, 1.0, 0.0, 2.0, 0.0, 1.0], "bins": [-0.35428693890571594, -0.34290921688079834, -0.3315315246582031, -0.3201538026332855, -0.3087761104106903, -0.2973983883857727, -0.2860206961631775, -0.2746429741382599, -0.2632652521133423, -0.2518875300884247, -0.24050983786582947, -0.22913213074207306, -0.21775442361831665, -0.20637670159339905, -0.19499899446964264, -0.18362128734588623, -0.17224359512329102, -0.1608658879995346, -0.1494881808757782, -0.1381104737520218, -0.12673276662826538, -0.11535505205392838, -0.10397733747959137, -0.09259963035583496, -0.08122190833091736, -0.06984420120716095, -0.05846649035811424, -0.047088779509067535, -0.03571107238531113, -0.02433336339890957, -0.01295565441250801, -0.001577945426106453, 0.009799748659133911, 0.02117745764553547, 0.03255516663193703, 0.043932877480983734, 0.05531058460474014, 0.06668829172849655, 0.07806600630283356, 0.08944371342658997, 0.10082140564918518, 0.11219911277294159, 0.123576819896698, 0.1349545270204544, 0.14633223414421082, 0.15770995616912842, 0.16908766329288483, 0.18046537041664124, 0.19184309244155884, 0.20322079956531525, 0.21459850668907166, 0.22597621381282806, 0.23735392093658447, 0.24873164296150208, 0.2601093351840973, 0.2714870572090149, 0.2828647494316101, 0.2942424714565277, 0.3056201636791229, 0.3169978857040405, 0.32837557792663574, 0.33975329995155334, 0.35113099217414856, 0.36250871419906616, 0.37388643622398376]}, "gradients/fc2.bias": {"_type": "histogram", "values": [1.0, 0.0, 1.0, 0.0, 1.0, 1.0, 1.0, 0.0, 0.0, 3.0, 0.0, 1.0, 1.0, 0.0, 1.0, 2.0, 2.0, 1.0, 0.0, 4.0, 3.0, 3.0, 1.0, 2.0, 2.0, 0.0, 1.0, 30.0, 1.0, 3.0, 1.0, 1.0, 0.0, 2.0, 0.0, 1.0, 1.0, 0.0, 1.0, 0.0, 3.0, 1.0, 0.0, 0.0, 0.0, 2.0, 0.0, 0.0, 1.0, 2.0, 0.0, 0.0, 0.0, 0.0, 0.0, 0.0, 1.0, 0.0, 0.0, 0.0, 0.0, 0.0, 0.0, 1.0], "bins": [-0.014256816357374191, -0.0137398112565279, -0.01322280615568161, -0.012705801986157894, -0.012188796885311604, -0.011671791784465313, -0.011154787614941597, -0.010637782514095306, -0.010120777413249016, -0.009603772312402725, -0.009086767211556435, -0.008569763042032719, -0.008052757941186428, -0.0075357528403401375, -0.007018748205155134, -0.006501743569970131, -0.00598473846912384, -0.00546773336827755, -0.0049507287330925465, -0.004433724097907543, -0.003916718997061253, -0.0033997141290456057, -0.0028827092610299587, -0.002365704393014312, -0.0018486995249986649, -0.001331694656983018, -0.000814689788967371, -0.00029768492095172405, 0.00021931994706392288, 0.0007363248150795698, 0.0012533296830952168, 0.0017703345511108637, 0.0022873375564813614, 0.0028043424244970083, 0.0033213472925126553, 0.003838352160528302, 0.004355357028543949, 0.00487236212939024, 0.005389366764575243, 0.005906371399760246, 0.006423376500606537, 0.0069403816014528275, 0.007457386236637831, 0.007974390871822834, 0.008491395972669125, 0.009008401073515415, 0.009525405243039131, 0.010042410343885422, 0.010559415444731712, 0.011076420545578003, 0.011593425646424294, 0.01211042981594801, 0.0126274349167943, 0.01314444001764059, 0.013661444187164307, 0.014178449288010597, 0.014695454388856888, 0.015212459489703178, 0.01572946459054947, 0.01624646969139576, 0.01676347479224205, 0.01728047803044319, 0.017797483131289482, 0.018314488232135773, 0.018831493332982063]}, "gradients/fc2.weight": {"_type": "histogram", "values": [2.0, 2.0, 3.0, 1.0, 0.0, 2.0, 0.0, 1.0, 4.0, 2.0, 3.0, 5.0, 3.0, 8.0, 8.0, 16.0, 15.0, 20.0, 39.0, 22.0, 52.0, 44.0, 68.0, 69.0, 91.0, 135.0, 159.0, 197.0, 259.0, 7642.0, 370.0, 207.0, 121.0, 84.0, 86.0, 57.0, 62.0, 42.0, 31.0, 22.0, 23.0, 20.0, 11.0, 12.0, 11.0, 7.0, 9.0, 4.0, 4.0, 2.0, 4.0, 3.0, 3.0, 0.0, 3.0, 1.0, 1.0, 4.0, 1.0, 0.0, 1.0, 0.0, 1.0, 1.0], "bins": [-0.1215844452381134, -0.11750888079404831, -0.11343331634998322, -0.10935775190591812, -0.10528218746185303, -0.10120662301778793, -0.09713105857372284, -0.09305549412965775, -0.08897992968559265, -0.08490436524152756, -0.08082880079746246, -0.07675323635339737, -0.07267767190933228, -0.06860210746526718, -0.06452654302120209, -0.06045097857713699, -0.0563754141330719, -0.052299849689006805, -0.04822428524494171, -0.04414872080087662, -0.04007315635681152, -0.03599759191274643, -0.031922027468681335, -0.02784646302461624, -0.023770898580551147, -0.019695334136486053, -0.01561976969242096, -0.011544205248355865, -0.0074686408042907715, -0.0033930763602256775, 0.0006824880838394165, 0.0047580525279045105, 0.008833616971969604, 0.012909181416034698, 0.016984745860099792, 0.021060310304164886, 0.02513587474822998, 0.029211439192295074, 0.03328700363636017, 0.03736256808042526, 0.041438132524490356, 0.04551369696855545, 0.049589261412620544, 0.05366482585668564, 0.05774039030075073, 0.061815954744815826, 0.06589151918888092, 0.06996708363294601, 0.07404264807701111, 0.0781182125210762, 0.0821937769651413, 0.08626934140920639, 0.09034490585327148, 0.09442047029733658, 0.09849603474140167, 0.10257159918546677, 0.10664716362953186, 0.11072272807359695, 0.11479829251766205, 0.11887385696172714, 0.12294942140579224, 0.12702497839927673, 0.13110055029392242, 0.13517612218856812, 0.1392516791820526]}, "gradients/fc1.bias": {"_type": "histogram", "values": [1.0, 1.0, 0.0, 0.0, 1.0, 1.0, 0.0, 2.0, 0.0, 0.0, 1.0, 3.0, 1.0, 2.0, 1.0, 1.0, 0.0, 1.0, 1.0, 2.0, 2.0, 3.0, 4.0, 1.0, 7.0, 61.0, 1.0, 0.0, 1.0, 0.0, 2.0, 1.0, 4.0, 1.0, 1.0, 1.0, 0.0, 0.0, 0.0, 1.0, 1.0, 1.0, 0.0, 1.0, 0.0, 0.0, 2.0, 0.0, 0.0, 1.0, 0.0, 0.0, 0.0, 0.0, 0.0, 1.0, 1.0, 0.0, 0.0, 0.0, 0.0, 1.0, 0.0, 1.0],