{"gradients/fc3.bias": {"_type": "histogram", "values": [1.0, 0.0, 0.0, 0.0, 0.0, 0.0, 0.0, 1.0, 0.0, 1.0, 0.0, 0.0, 0.0, 0.0, 0.0, 0.0, 0.0, 0.0, 0.0, 0.0, 0.0, 0.0, 0.0, 0.0, 0.0, 0.0, 0.0, 1.0, 1.0, 1.0, 1.0, 0.0, 0.0, 0.0, 0.0, 1.0, 0.0, 0.0, 0.0, 0.0, 0.0, 0.0, 0.0, 0.0, 0.0, 0.0, 0.0, 0.0, 1.0, 0.0, 0.0, 0.0, 0.0, 0.0, 0.0, 0.0, 0.0, 0.0, 0.0, 0.0, 0.0, 0.0, 0.0, 1.0], "bins": [-0.053176119923591614, -0.05128088966012001, -0.04938565939664841, -0.047490429133176804, -0.0455951988697052, -0.0436999686062336, -0.04180473834276199, -0.03990950807929039, -0.03801427781581879, -0.03611904755234718, -0.03422381728887558, -0.032328587025403976, -0.030433356761932373, -0.02853812649846077, -0.026642896234989166, -0.024747665971517563, -0.02285243384540081, -0.020957203581929207, -0.019061973318457603, -0.017166743054986, -0.015271512791514397, -0.013376281596720219, -0.011481051333248615, -0.009585821069777012, -0.007690589874982834, -0.0057953596115112305, -0.0039001291152089834, -0.0020048986189067364, -0.00010966835543513298, 0.0017855620244517922, 0.0036807924043387175, 0.0055760229006409645, 0.007471252232789993, 0.009366482496261597, 0.0112617127597332, 0.013156943023204803, 0.015052173286676407, 0.01694740355014801, 0.018842633813619614, 0.020737864077091217, 0.02263309434056282, 0.024528324604034424, 0.026423554867506027, 0.02831878513097763, 0.030214015394449234, 0.03210924565792084, 0.03400447592139244, 0.035899706184864044, 0.037794940173625946, 0.03969017043709755, 0.04158540070056915, 0.043480630964040756, 0.04537586122751236, 0.04727109149098396, 0.049166321754455566, 0.05106155201792717, 0.05295678228139877, 0.05485201254487038, 0.05674724280834198, 0.05864247307181358, 0.06053770333528519, 0.06243293359875679, 0.0643281638622284, 0.0662233978509903, 0.0681186243891716]}, "_timestamp": 1672935995.720881, "gradients/fc3.weight": {"_type": "histogram", "values": [2.0, 1.0, 2.0, 0.0, 1.0, 0.0, 0.0, 3.0, 1.0, 0.0, 1.0, 2.0, 2.0, 0.0, 2.0, 4.0, 0.0, 2.0, 4.0, 4.0, 4.0, 11.0, 8.0, 8.0, 12.0, 5.0, 7.0, 7.0, 12.0, 16.0, 487.0, 103.0, 31.0, 16.0, 15.0, 10.0, 11.0, 5.0, 7.0, 5.0, 2.0, 3.0, 4.0, 3.0, 2.0, 0.0, 0.0, 0.0, 0.0, 1.0, 1.0, 1.0, 1.0, 1.0, 3.0, 0.0, 0.0, 0.0, 0.0, 1.0, 1.0, 2.0, 1.0, 2.0], "bins": [-0.4832193851470947, -0.4674816131591797, -0.45174384117126465, -0.4360060393810272, -0.4202682673931122, -0.40453049540519714, -0.3887926936149597, -0.3730549216270447, -0.35731714963912964, -0.3415793776512146, -0.32584160566329956, -0.31010380387306213, -0.2943660318851471, -0.27862825989723206, -0.26289045810699463, -0.2471526861190796, -0.23141491413116455, -0.2156771421432495, -0.19993935525417328, -0.18420156836509705, -0.168463796377182, -0.15272602438926697, -0.13698823750019073, -0.1212504580616951, -0.10551267862319946, -0.08977489918470383, -0.07403711974620819, -0.058299340307712555, -0.04256156086921692, -0.026823781430721283, -0.011086001992225647, 0.004651777446269989, 0.0203896164894104, 0.036127395927906036, 0.05186517536640167, 0.06760295480489731, 0.08334073424339294, 0.09907851368188858, 0.11481629312038422, 0.13055408000946045, 0.1462918519973755, 0.16202962398529053, 0.17776741087436676, 0.193505197763443, 0.20924296975135803, 0.22498074173927307, 0.2407185286283493, 0.25645631551742554, 0.2721940875053406, 0.2879318594932556, 0.30366963148117065, 0.3194074332714081, 0.3351452052593231, 0.35088297724723816, 0.3666207790374756, 0.3823585510253906, 0.39809632301330566, 0.4138340950012207, 0.42957186698913574, 0.44530966877937317, 0.4610474407672882, 0.47678521275520325, 0.4925230145454407, 0.5082607865333557, 0.5239985585212708]}, "gradients/fc2.bias": {"_type": "histogram", "values": [1.0, 0.0, 0.0, 0.0, 0.0, 2.0, 0.0, 0.0, 2.0, 0.0, 1.0, 2.0, 0.0, 0.0, 0.0, 0.0, 3.0, 0.0, 0.0, 3.0, 3.0, 3.0, 1.0, 0.0, 2.0, 0.0, 2.0, 2.0, 0.0, 6.0, 22.0, 1.0, 1.0, 1.0, 2.0, 2.0, 2.0, 2.0, 2.0, 1.0, 1.0, 2.0, 0.0, 1.0, 1.0, 0.0, 2.0, 0.0, 1.0, 1.0, 2.0, 1.0, 0.0, 0.0, 1.0, 0.0, 0.0, 1.0, 0.0, 0.0, 0.0, 0.0, 0.0, 1.0], "bins": [-0.013729077763855457, -0.013272820971906185, -0.012816565111279488, -0.012360308319330215, -0.011904052458703518, -0.011447795666754246, -0.010991539806127548, -0.010535283014178276, -0.010079026222229004, -0.009622769430279732, -0.009166513569653034, -0.008710256777703762, -0.008254000917077065, -0.007797744125127792, -0.0073414877988398075, -0.006885231472551823, -0.006428975611925125, -0.00597271928563714, -0.005516462959349155, -0.005060206633061171, -0.004603950306773186, -0.004147693514823914, -0.0036914371885359287, -0.003235180862247944, -0.0027789240702986717, -0.002322667744010687, -0.0018664113013073802, -0.0014101548586040735, -0.0009538985323160887, -0.0004976421478204429, -4.1385763324797153e-05, 0.0004148706211708486, 0.0008711274713277817, 0.0013273837976157665, 0.0017836402403190732, 0.00223989668302238, 0.0026961530093103647, 0.0031524093355983496, 0.003608665894716978, 0.004064922221004963, 0.0045211780816316605, 0.004977434407919645, 0.00543369073420763, 0.005889947060495615, 0.0063462033867836, 0.006802460178732872, 0.007258716505020857, 0.007714972831308842, 0.008171229623258114, 0.008627486415207386, 0.009083742275834084, 0.009539999067783356, 0.009996254928410053, 0.010452511720359325, 0.010908767580986023, 0.011365024372935295, 0.011821281164884567, 0.01227753795683384, 0.012733793817460537, 0.013190050609409809, 0.013646306470036507, 0.014102563261985779, 0.014558819122612476, 0.015015075914561749, 0.015471331775188446]}, "gradients/fc2.weight": {"_type": "histogram", "values": [4.0, 1.0, 0.0, 1.0, 4.0, 0.0, 2.0, 4.0, 2.0, 3.0, 8.0, 6.0, 5.0, 5.0, 9.0, 9.0, 15.0, 20.0, 32.0, 31.0, 36.0, 47.0, 60.0, 64.0, 92.0, 100.0, 119.0, 163.0, 194.0, 228.0, 498.0, 7132.0, 161.0, 152.0, 125.0, 100.0, 97.0, 88.0, 89.0, 59.0, 48.0, 48.0, 47.0, 26.0, 28.0, 27.0, 20.0, 9.0, 13.0, 6.0, 7.0, 4.0, 4.0, 2.0, 6.0, 6.0, 2.0, 5.0, 1.0, 4.0, 1.0, 0.0, 0.0, 1.0], "bins": [-0.1316181868314743, -0.12738490104675293, -0.12315160781145096, -0.11891831457614899, -0.11468502879142761, -0.11045173555612564, -0.10621844232082367, -0.1019851565361023, -0.09775186330080032, -0.09351857006549835, -0.08928528428077698, -0.085051991045475, -0.08081869781017303, -0.07658541202545166, -0.07235211879014969, -0.06811883300542831, -0.06388553977012634, -0.05965225026011467, -0.055418960750103, -0.051185667514801025, -0.04695237800478935, -0.04271908849477768, -0.03848579525947571, -0.034252505749464035, -0.030019216239452362, -0.02578592672944069, -0.021552635356783867, -0.017319343984127045, -0.013086054474115372, -0.008852764032781124, -0.0046194735914468765, -0.00038618315011262894, 0.0038471221923828125, 0.00808041263371706, 0.012313703075051308, 0.01654699444770813, 0.020780283957719803, 0.025013573467731476, 0.029246864840388298, 0.03348015621304512, 0.03771344572305679, 0.041946735233068466, 0.04618002474308014, 0.05041331797838211, 0.054646607488393784, 0.05887989699840546, 0.06311319023370743, 0.0673464760184288, 0.07157976925373077, 0.07581306248903275, 0.08004634827375412, 0.08427964150905609, 0.08851292729377747, 0.09274622052907944, 0.09697951376438141, 0.10121279954910278, 0.10544609278440475, 0.10967938601970673, 0.1139126718044281, 0.11814596503973007, 0.12237925827503204, 0.12661254405975342, 0.1308458298444748, 0.13507913053035736, 0.13931241631507874]}, "gradients/fc1.bias": {"_type": "histogram", "values": [1.0, 0.0, 0.0, 0.0, 0.0, 0.0, 0.0, 0.0, 1.0, 0.0, 0.0, 0.0, 0.0, 0.0, 1.0, 0.0, 0.0, 1.0, 1.0, 0.0, 2.0, 0.0, 0.0, 3.0, 3.0, 1.0, 0.0, 3.0, 0.0, 2.0, 4.0, 0.0, 4.0, 3.0, 62.0, 1.0, 3.0, 0.0, 0.0, 4.0, 4.0, 0.0, 0.0, 3.0, 2.0, 0.0, 1.0, 3.0, 2.0, 0.0, 1.0, 0.0, 2.0, 1.0, 0.0, 0.0, 0.0, 0.0, 0.0, 0.0, 0.0, 0.0, 0.0, 1.0],